FID,statefp20,countyfp20,cousubfp20,cousubns20,geoid20,namelsad20,lsad20,classfp20,mtfcc20,cnectafp20,nectafp20,nctadvfp20,funcstat20,aland20,awater20,intptlat20,intptlon20,town20,town_id,fips_stco20,county20,type,fourcolor,area_acres,sq_miles,pop1960,pop1970,pop1980,pop1990,pop2000,pop2010,pop2020,popch10_20,housing20,gdb_geomattr_data
GISDATA.CENSUS2020TOWNS_POLY.1,25,003,34970,00618269,2500334970,Lenox town,43,T1,G4040,770,76600, ,A,54950826,1168188,+42.3678582,-073.2697633,LENOX,152,25003,BERKSHIRE,T,3,13866.45,21.67,4253,5804,6523,5069,5077,5025,5095,70,3184,
GISDATA.CENSUS2020TOWNS_POLY.29,25,017,48955,00618230,2501748955,North Reading town,43,T1,G4040,715,71650,71634,A,34075952,859059,+42.5784007,-071.0844481,NORTH READING,213,25017,MIDDLESEX,T,1,8632.4,13.49,8331,11264,11455,12002,13837,14892,15554,662,5875,
GISDATA.CENSUS2020TOWNS_POLY.2,25,003,44385,00598751,2500344385,New Ashford town,43,T1,G4040,770,76150, ,A,34862609,36176,+42.6135175,-073.2257782,NEW ASHFORD,200,25003,BERKSHIRE,T,1,8623.5,13.47,165,183,159,192,247,228,250,22,126,
GISDATA.CENSUS2020TOWNS_POLY.5,25,027,12715,00618359,2502712715,Charlton town,43,T1,G4040,715,79600, ,A,109242811,4180299,+42.1339347,-071.9680247,CHARLTON,54,25027,WORCESTER,T,3,28025.52,43.79,3685,4654,6719,9576,11263,12981,13315,334,5239,
GISDATA.CENSUS2020TOWNS_POLY.30,25,017,52805,00618231,2501752805,Pepperell town,43,T1,G4040,715,71650,75404,A,58462230,1527529,+42.6706425,-071.6028575,PEPPERELL,232,25017,MIDDLESEX,T,4,14823.74,23.16,4336,5887,8061,10098,11142,11497,11604,107,4599,
GISDATA.CENSUS2020TOWNS_POLY.31,25,017,68260,00618237,2501768260,Sudbury town,43,T1,G4040,715,71650,71634,A,62866160,1236872,+42.3833674,-071.4210704,SUDBURY,288,25017,MIDDLESEX,T,2,15839.25,24.75,7447,13506,14027,14358,16841,17659,18934,1275,6556,
GISDATA.CENSUS2020TOWNS_POLY.32,25,017,69415,00618238,2501769415,Tewksbury town,43,T1,G4040,715,71650,74804,A,53674575,1094742,+42.6120881,-071.2278451,TEWKSBURY,295,25017,MIDDLESEX,T,1,13533.53,21.15,15902,22755,24635,27266,28851,28961,31342,2381,12139,
GISDATA.CENSUS2020TOWNS_POLY.3,25,003,51580,00619422,2500351580,Otis town,43,T1,G4040, , , ,A,92103734,6461883,+42.2043457,-073.0849616,OTIS,225,25003,BERKSHIRE,T,4,24354.37,38.05,473,820,963,1073,1365,1612,1634,22,1609,
GISDATA.CENSUS2020TOWNS_POLY.48,25,023,38540,00618345,2502338540,Marion town,43,T1,G4040,715,70900, ,A,36591437,31161477,+41.7068394,-070.7509605,MARION,169,25023,PLYMOUTH,T,4,9076.48,14.18,2881,3466,3932,4496,5123,4907,5347,440,2692,
GISDATA.CENSUS2020TOWNS_POLY.49,25,023,39450,00619471,2502339450,Mattapoisett town,43,T1,G4040,715,75550, ,A,44909762,17697675,+41.6613631,-070.8120237,MATTAPOISETT,173,25023,PLYMOUTH,T,1,11119.47,17.37,3117,4500,5597,5850,6268,6045,6508,463,3512,
GISDATA.CENSUS2020TOWNS_POLY.50,25,023,52630,00618348,2502352630,Pembroke town,43,T1,G4040,715,71650,76684,A,56431671,4585316,+42.0678041,-070.8057131,PEMBROKE,231,25023,PLYMOUTH,T,4,15076.64,23.56,4919,11193,13487,14544,16927,17837,18361,524,7007,
GISDATA.CENSUS2020TOWNS_POLY.4,25,015,29265,00618202,2501529265,Hatfield town,43,T1,G4040,790,78100, ,A,41175416,2397606,+42.3894016,-072.6168064,HATFIELD,127,25015,HAMPSHIRE,T,4,10766.48,16.82,2350,2825,3045,3184,3249,3279,3352,73,1634,
GISDATA.CENSUS2020TOWNS_POLY.6,25,011,05560,00619378,2501105560,Bernardston town,43,T1,G4040,790,73300, ,A,60580576,62135,+42.6918507,-072.5598402,BERNARDSTON,29,25011,FRANKLIN,T,2,14985.18,23.41,1370,1659,1750,2048,2155,2129,2102,-27,967,
GISDATA.CENSUS2020TOWNS_POLY.7,25,003,59665,00619426,2500359665,Sandisfield town,43,T1,G4040, , , ,A,134165972,2984554,+42.1074964,-073.1186066,SANDISFIELD,260,25003,BERKSHIRE,T,2,33888.34,52.95,536,547,720,667,824,915,989,74,659,
GISDATA.CENSUS2020TOWNS_POLY.8,25,003,79985,00619430,2500379985,Williamstown town,43,T1,G4040,770,76150, ,A,121037735,314830,+42.6957427,-073.2221178,WILLIAMSTOWN,341,25003,BERKSHIRE,T,4,29986.9,46.85,7322,8454,8741,8220,8424,7754,7513,-241,3009,
GISDATA.CENSUS2020TOWNS_POLY.9,25,017,31540,00618226,2501731540,Hudson town,43,T1,G4040,715,71650,73104,A,29855341,874321,+42.3890712,-071.5458637,HUDSON,141,25017,MIDDLESEX,T,4,7593.01,11.86,9666,16084,16408,17233,18113,19063,20092,1029,8502,
GISDATA.CENSUS2020TOWNS_POLY.17,25,003,00975,00618263,2500300975,Alford town,43,T1,G4040, , , ,A,29801961,105437,+42.2535442,-073.4265278,ALFORD,6,25003,BERKSHIRE,T,1,7389.76,11.55,256,302,394,418,399,494,486,-8,337,
GISDATA.CENSUS2020TOWNS_POLY.18,25,017,80230,00618246,2501780230,Wilmington town,43,T1,G4040,715,71650,71634,A,43961038,439325,+42.5646465,-071.1645158,WILMINGTON,342,25017,MIDDLESEX,T,2,10971.23,17.14,12475,17102,17471,17651,21363,22325,23349,1024,8320,
GISDATA.CENSUS2020TOWNS_POLY.10,25,017,37875,00619404,2501737875,Malden city,25,C5,G4040,715,71650,71634,F,13065182,99282,+42.4293799,-071.0587065,MALDEN,165,25017,MIDDLESEX,C,1,3246.47,5.07,57676,56127,53386,53884,56340,59450,66263,6813,27721,
GISDATA.CENSUS2020TOWNS_POLY.19,25,017,61380,00618233,2501761380,Sherborn town,43,T1,G4040,715,71650,71634,A,40890689,950881,+42.2319469,-071.3729634,SHERBORN,269,25017,MIDDLESEX,T,2,10338.55,16.15,1806,3309,4049,3989,4200,4119,4401,282,1562,
GISDATA.CENSUS2020TOWNS_POLY.20,25,017,61590,00618234,2501761590,Shirley town,43,T1,G4040,715,71650,71634,A,40967067,204892,+42.5736544,-071.6409862,SHIRLEY,270,25017,MIDDLESEX,T,1,10173.52,15.9,5202,4909,5124,6118,6373,7211,7431,220,2599,
GISDATA.CENSUS2020TOWNS_POLY.21,25,017,05070,00618216,2501705070,Belmont town,43,T1,G4040,715,71650,71634,A,12038164,183393,+42.3953169,-071.1802841,BELMONT,26,25017,MIDDLESEX,T,2,3019.84,4.72,28715,28285,26100,24720,24194,24729,27295,2566,10882,
GISDATA.CENSUS2020TOWNS_POLY.22,25,017,11000,00619396,2501711000,Cambridge city,25,C5,G4040,715,71650,71634,F,16558895,1830835,+42.3760428,-071.1186798,CAMBRIDGE,49,25017,MIDDLESEX,C,3,4543.92,7.1,107716,100361,95322,95802,101355,105162,118403,13241,53907,
GISDATA.CENSUS2020TOWNS_POLY.11,25,003,34340,00618267,2500334340,Lanesborough town,43,T1,G4040,770,76600, ,A,74730666,1899775,+42.5358751,-073.2410907,LANESBOROUGH,148,25003,BERKSHIRE,T,3,18935.09,29.59,2933,2972,3131,3032,2990,3091,3038,-53,1489,
GISDATA.CENSUS2020TOWNS_POLY.12,25,009,38400,00618300,2500938400,Marblehead town,43,T1,G4040,715,71650,74854,A,11340958,39374816,+42.4956288,-070.8358197,MARBLEHEAD,168,25009,ESSEX,T,4,2816.98,4.4,18521,21295,20126,19971,20377,19808,20441,633,8965,
GISDATA.CENSUS2020TOWNS_POLY.13,25,005,45000,00619435,2500545000,New Bedford city,25,C5,G4040,715,75550, ,F,51800662,10700054,+41.6613028,-070.9379126,NEW BEDFORD,201,25005,BRISTOL,C,2,12947.1,20.23,102477,101777,98478,99922,93768,95072,101079,6007,44588,
GISDATA.CENSUS2020TOWNS_POLY.14,25,005,49970,00619436,2500549970,Norton town,43,T1,G4040,715,71650,78254,A,72088057,3833390,+41.9653413,-071.1817803,NORTON,218,25005,BRISTOL,T,3,18759.59,29.31,6818,9487,12690,14265,18036,19031,19202,171,6971,
GISDATA.CENSUS2020TOWNS_POLY.25,25,017,30700,00618225,2501730700,Holliston town,43,T1,G4040,715,71650,73104,A,48312679,1035601,+42.1959508,-071.4534301,HOLLISTON,136,25017,MIDDLESEX,T,1,12193.36,19.05,6222,12069,12622,12926,13801,13547,14996,1449,5562,
GISDATA.CENSUS2020TOWNS_POLY.26,25,011,12505,00619379,2501112505,Charlemont town,43,T1,G4040, , , ,A,67988989,1027696,+42.6331304,-072.8547116,CHARLEMONT,53,25011,FRANKLIN,T,1,17054.19,26.65,897,897,1149,1249,1358,1266,1185,-81,644,
GISDATA.CENSUS2020TOWNS_POLY.15,25,005,56375,00619437,2500556375,Rehoboth town,43,T1,G4040,715,77200, ,A,121557135,1409688,+41.8468781,-071.2448699,REHOBOTH,247,25005,BRISTOL,T,1,30384.8,47.48,4953,6512,7570,8656,10172,11608,12502,894,4611,
GISDATA.CENSUS2020TOWNS_POLY.16,25,005,62430,00619438,2500562430,Somerset town,43,T1,G4040,715,77200, ,A,20460333,10340080,+41.7384828,-071.1650529,SOMERSET,273,25005,BRISTOL,T,2,7610.9,11.89,12196,18088,18813,17655,18234,18165,18303,138,7448,
GISDATA.CENSUS2020TOWNS_POLY.27,25,011,14885,00618160,2501114885,Colrain town,43,T1,G4040,790,73300, ,A,111584957,668368,+42.6947306,-072.7109556,COLRAIN,66,25011,FRANKLIN,T,4,27738.41,43.34,1426,1420,1552,1757,1813,1671,1606,-65,796,
GISDATA.CENSUS2020TOWNS_POLY.23,25,017,13135,00618220,2501713135,Chelmsford town,43,T1,G4040,715,71650,74804,A,57967468,1819085,+42.5970548,-071.3696996,CHELMSFORD,56,25017,MIDDLESEX,T,2,14773.25,23.08,15130,31432,31174,32383,33858,33802,36392,2590,14769,
GISDATA.CENSUS2020TOWNS_POLY.24,25,017,21990,00618223,2501721990,Everett city,25,C5,G4040,715,71650,71634,F,8847540,636058,+42.4059375,-071.0546487,EVERETT,93,25017,MIDDLESEX,C,2,2188.25,3.42,43544,42485,37195,35701,38037,41667,49075,7408,18208,
GISDATA.CENSUS2020TOWNS_POLY.28,25,017,43895,00619407,2501743895,Natick town,43,T1,G4040,715,71650,73104,A,38743006,2594864,+42.2848223,-071.3488109,NATICK,198,25017,MIDDLESEX,T,3,10214.11,15.96,28831,31057,29461,30510,32170,33006,37006,4000,15680,
GISDATA.CENSUS2020TOWNS_POLY.33,25,017,71025,00618240,2501771025,Tyngsborough town,43,T1,G4040,715,71650,74804,A,43508365,3391782,+42.6677617,-071.4288204,TYNGSBOROUGH,301,25017,MIDDLESEX,T,3,11589.22,18.11,3302,4204,5683,8642,11081,11292,12380,1088,4669,
GISDATA.CENSUS2020TOWNS_POLY.34,25,017,73440,00618242,2501773440,Watertown Town city,25,C5,G4040,715,71650,71634,F,10356390,332258,+42.3694508,-071.1779249,WATERTOWN,314,25017,MIDDLESEX,C,4,2641.06,4.13,39092,39307,34384,33284,32986,31915,35329,3414,17010,
GISDATA.CENSUS2020TOWNS_POLY.35,25,017,73790,00618243,2501773790,Wayland town,43,T1,G4040,715,71650,71634,A,38964756,2098829,+42.3604268,-071.3610994,WAYLAND,315,25017,MIDDLESEX,T,1,10146.39,15.85,10444,13461,12170,11874,13100,12994,13943,949,5296,
GISDATA.CENSUS2020TOWNS_POLY.36,25,015,31785,00618203,2501531785,Huntington town,43,T1,G4040,790,78100, ,A,68154934,1239646,+42.2817975,-072.8626463,HUNTINGTON,143,25015,HAMPSHIRE,T,3,17146.6,26.79,1392,1593,1804,1987,2174,2180,2094,-86,1030,
GISDATA.CENSUS2020TOWNS_POLY.51,25,023,57775,00618351,2502357775,Rockland town,43,T1,G4040,715,71650,71634,A,25975560,238552,+42.1292512,-070.9087358,ROCKLAND,251,25023,PLYMOUTH,T,4,6477.2,10.12,13119,15674,15695,16123,17670,17489,17803,314,7263,
GISDATA.CENSUS2020TOWNS_POLY.52,25,027,45105,00619484,2502745105,New Braintree town,43,T1,G4040,715,79600, ,A,53773678,403233,+42.3261830,-072.1334314,NEW BRAINTREE,202,25027,WORCESTER,T,3,13386.52,20.92,509,631,671,881,927,999,996,-3,399,
GISDATA.CENSUS2020TOWNS_POLY.37,25,023,00170,00618336,2502300170,Abington town,43,T1,G4040,715,71650,72104,A,25795965,594786,+42.1157637,-070.9565970,ABINGTON,1,25023,PLYMOUTH,T,3,6520.85,10.19,10607,12334,13517,13817,14605,15985,17062,1077,6811,
GISDATA.CENSUS2020TOWNS_POLY.38,25,023,17895,00618338,2502317895,Duxbury town,43,T1,G4040,715,71650,76684,A,61385528,35994841,+42.0444072,-070.7060604,DUXBURY,82,25023,PLYMOUTH,T,1,15472.06,24.18,4727,7636,11807,13895,14248,15059,16090,1031,6274,
GISDATA.CENSUS2020TOWNS_POLY.57,25,023,08130,00619466,2502308130,Bridgewater Town city,25,C5,G4040,715,71650,72104,F,70569412,2901900,+41.9723761,-070.9787727,BRIDGEWATER,42,25023,PLYMOUTH,TC,2,18154.16,28.37,10276,11829,17202,21249,25185,26563,28633,2070,9342,
GISDATA.CENSUS2020TOWNS_POLY.58,25,023,09000,00619467,2502309000,Brockton city,25,C5,G4040,715,71650,72104,F,55250882,475809,+42.0825430,-071.0246378,BROCKTON,44,25023,PLYMOUTH,C,1,13769.45,21.51,72813,89040,95172,92788,94304,93810,105643,11833,37304,
GISDATA.CENSUS2020TOWNS_POLY.59,25,023,11665,00618337,2502311665,Carver town,43,T1,G4040,715,71650,76684,A,96621980,6262842,+41.8751792,-070.7467149,CARVER,52,25023,PLYMOUTH,T,4,25422.42,39.72,1949,2420,6988,10590,11163,11509,11645,136,4701,
GISDATA.CENSUS2020TOWNS_POLY.39,25,023,18455,00618339,2502318455,East Bridgewater town,43,T1,G4040,715,71650,72104,A,44631169,784261,+42.0371161,-070.9421781,EAST BRIDGEWATER,83,25023,PLYMOUTH,T,4,11221.7,17.53,6139,8347,9945,11104,12974,13794,14440,646,5211,
GISDATA.CENSUS2020TOWNS_POLY.60,25,023,30210,00618342,2502330210,Hingham town,43,T1,G4040,715,71650,71634,A,57499224,7216917,+42.2243188,-070.8806733,HINGHAM,131,25023,PLYMOUTH,T,3,14488.44,22.64,15378,18845,20339,19821,19882,22157,24284,2127,9930,
GISDATA.CENSUS2020TOWNS_POLY.61,25,023,33920,00618344,2502333920,Lakeville town,43,T1,G4040,715,71650,78254,A,76655831,16894521,+41.8343838,-070.9568262,LAKEVILLE,146,25023,PLYMOUTH,T,4,23116.12,36.12,3209,4376,5931,7785,9821,10602,11523,921,4624,
GISDATA.CENSUS2020TOWNS_POLY.62,25,023,54310,00618349,2502354310,Plymouth town,43,T1,G4040,715,71650,76684,A,249747324,97265548,+41.8940850,-070.6186096,PLYMOUTH,239,25023,PLYMOUTH,T,2,65747.67,102.73,14445,18606,35913,45608,51701,56468,61217,4749,28074,
GISDATA.CENSUS2020TOWNS_POLY.40,25,023,27795,00618340,2502327795,Halifax town,43,T1,G4040,715,71650,76684,A,41372342,3659389,+42.0026344,-070.8637056,HALIFAX,118,25023,PLYMOUTH,T,1,11126.94,17.39,1599,3537,5513,6526,7500,7518,7749,231,3107,
GISDATA.CENSUS2020TOWNS_POLY.41,25,015,04825,00618196,2501504825,Belchertown town,43,T1,G4040,790,78100, ,A,136237871,6936467,+42.2790098,-072.4004682,BELCHERTOWN,24,25015,HAMPSHIRE,T,1,35376.73,55.28,5186,5936,8339,10579,12968,14649,15350,701,6357,
GISDATA.CENSUS2020TOWNS_POLY.42,25,015,19370,00618199,2501519370,Easthampton Town city,25,C5,G4040,790,78100, ,F,34501970,727031,+42.2654347,-072.6708131,EASTHAMPTON,87,25015,HAMPSHIRE,C,3,8704.67,13.6,12326,13012,15580,15537,15994,16053,16211,158,7849,
GISDATA.CENSUS2020TOWNS_POLY.43,25,015,27690,00618201,2501527690,Hadley town,43,T1,G4040,790,78100, ,A,59786660,3959620,+42.3564911,-072.5686319,HADLEY,117,25015,HAMPSHIRE,T,1,15751.05,24.61,3099,3750,4125,4231,4793,5250,5325,75,2336,
GISDATA.CENSUS2020TOWNS_POLY.44,25,015,72880,00618209,2501572880,Ware town,43,T1,G4040,790,78100, ,A,89031774,14515414,+42.2754618,-072.2801578,WARE,309,25015,HAMPSHIRE,T,4,25585.31,39.98,7517,8187,8953,9808,9707,9872,10066,194,4755,
GISDATA.CENSUS2020TOWNS_POLY.45,25,015,79915,00618211,2501579915,Williamsburg town,43,T1,G4040,790,78100, ,A,66137923,356904,+42.4054143,-072.7260428,WILLIAMSBURG,340,25015,HAMPSHIRE,T,3,16430.27,25.67,2186,2342,2237,2515,2427,2482,2504,22,1196,
GISDATA.CENSUS2020TOWNS_POLY.46,25,023,31645,00618343,2502331645,Hull town,43,T1,G4040,715,71650,71634,A,7437835,65626323,+42.3402327,-070.8833012,HULL,142,25023,PLYMOUTH,T,2,1920.9,3,7055,9961,9714,10466,11050,10293,10072,-221,5856,
GISDATA.CENSUS2020TOWNS_POLY.47,25,023,33220,00619469,2502333220,Kingston town,43,T1,G4040,715,71650,76684,A,48288124,4766946,+41.9871959,-070.7419417,KINGSTON,145,25023,PLYMOUTH,T,3,12191.19,19.05,4302,5999,7362,9045,11780,12629,13708,1079,5364,
GISDATA.CENSUS2020TOWNS_POLY.53,25,027,46925,00618376,2502746925,Northbridge town,43,T1,G4040,715,79600, ,A,44718858,2037848,+42.1289365,-071.6557872,NORTHBRIDGE,216,25027,WORCESTER,T,1,11553.03,18.05,10800,11795,12246,13371,13182,15707,16335,628,6691,
GISDATA.CENSUS2020TOWNS_POLY.66,25,011,29475,00619380,2501129475,Hawley town,43,T1,G4040, , , ,A,78962706,124804,+42.5755716,-072.9007887,HAWLEY,129,25011,FRANKLIN,T,4,19542.45,30.54,251,224,280,317,336,337,353,16,188,
GISDATA.CENSUS2020TOWNS_POLY.67,25,007,01585,00618289,2500701585,Aquinnah town,43,T1,G4040, ,78500, ,A,13806000,91802055,+41.3340004,-070.8234318,AQUINNAH,104,25007,DUKES,T,2,3438.39,5.37,103,118,220,201,344,311,439,128,478,
GISDATA.CENSUS2020TOWNS_POLY.54,25,005,23000,00618282,2500523000,Fall River city,25,C5,G4040,715,77200, ,F,85787944,18427470,+41.7253505,-071.0941619,FALL RIVER,95,25005,BRISTOL,C,3,25752.22,40.24,99942,96898,92574,92703,91938,88857,94000,5143,44346,
GISDATA.CENSUS2020TOWNS_POLY.55,25,005,69170,00619440,2500569170,Taunton city,25,C5,G4040,715,71650,78254,F,120973247,4418829,+41.9033244,-071.0949874,TAUNTON,293,25005,BRISTOL,C,2,30983.7,48.41,41132,43756,45001,49832,55976,55874,59408,3534,24965,
GISDATA.CENSUS2020TOWNS_POLY.56,25,005,77570,00618287,2500577570,Westport town,43,T1,G4040,715,77200, ,A,129033429,38257733,+41.5797936,-071.0818218,WESTPORT,334,25005,BRISTOL,T,1,32963.97,51.51,6641,9791,13763,13852,14183,15532,16339,807,7791,
GISDATA.CENSUS2020TOWNS_POLY.63,25,023,54415,00619472,2502354415,Plympton town,43,T1,G4040,715,71650,76684,A,38023287,1099161,+41.9591000,-070.8027525,PLYMPTON,240,25023,PLYMOUTH,T,2,9666.85,15.1,821,1224,1974,2384,2637,2820,2930,110,1068,
GISDATA.CENSUS2020TOWNS_POLY.64,25,023,60330,00618352,2502360330,Scituate town,43,T1,G4040,715,71650,71634,A,44579684,37872085,+42.2050615,-070.7429781,SCITUATE,264,25023,PLYMOUTH,T,4,11209.57,17.51,11214,16973,17317,16786,17863,18133,19063,930,8260,
GISDATA.CENSUS2020TOWNS_POLY.76,25,003,71095,00619429,2500371095,Tyringham town,43,T1,G4040, , , ,A,48260580,585219,+42.2408764,-073.1813284,TYRINGHAM,302,25003,BERKSHIRE,T,3,12069.21,18.86,197,234,344,369,350,327,427,100,289,
GISDATA.CENSUS2020TOWNS_POLY.65,25,011,47835,00619381,2501147835,Northfield town,43,T1,G4040,790,73300, ,A,88741275,2812853,+42.6770910,-072.4538758,NORTHFIELD,217,25011,FRANKLIN,T,3,22623.47,35.35,2320,2631,2386,2838,2951,3032,2866,-166,1407,
GISDATA.CENSUS2020TOWNS_POLY.68,25,027,75400,00618392,2502775400,West Brookfield town,43,T1,G4040,715,79600, ,A,53031164,1639215,+42.2566908,-072.1581690,WEST BROOKFIELD,323,25027,WORCESTER,T,1,13508.4,21.11,2053,2653,3026,3532,3804,3701,3833,132,1701,
GISDATA.CENSUS2020TOWNS_POLY.69,25,027,77010,00618393,2502777010,Westminster town,43,T1,G4040,715,74500, ,A,91788664,4700075,+42.5546000,-071.9054402,WESTMINSTER,332,25027,WORCESTER,T,1,23842.09,37.25,4022,4273,5139,6191,6907,7277,8213,936,3301,
GISDATA.CENSUS2020TOWNS_POLY.70,25,007,21150,00619441,2500721150,Edgartown town,43,T1,G4040, ,78500, ,A,69445842,248596064,+41.3759343,-070.4807597,EDGARTOWN,89,25007,DUKES,T,2,17321.25,27.06,1474,1481,2204,3062,3779,4067,5168,1101,5234,
GISDATA.CENSUS2020TOWNS_POLY.71,25,007,13800,00618288,2500713800,Chilmark town,43,T1,G4040, ,78500, ,A,49301703,210806462,+41.3030140,-070.7786940,CHILMARK,62,25007,DUKES,T,1,12290.37,19.2,238,340,489,650,843,866,1212,346,1574,
GISDATA.CENSUS2020TOWNS_POLY.131,25,027,31435,00618367,2502731435,Hubbardston town,43,T1,G4040,715,74500, ,A,106330883,2404684,+42.4951109,-072.0023392,HUBBARDSTON,140,25027,WORCESTER,T,2,26867.9,41.98,1217,1437,1797,2797,3909,4382,4328,-54,1765,
GISDATA.CENSUS2020TOWNS_POLY.72,25,003,42460,00618270,2500342460,Monterey town,43,T1,G4040, , , ,A,68467697,2510082,+42.1868935,-073.2231053,MONTEREY,193,25003,BERKSHIRE,T,1,17537.75,27.4,480,600,818,805,934,961,1095,134,883,
GISDATA.CENSUS2020TOWNS_POLY.73,25,003,04545,00619416,2500304545,Becket town,43,T1,G4040, , , ,A,119307514,4479450,+42.2864593,-073.0848128,BECKET,22,25003,BERKSHIRE,T,1,30586.33,47.79,770,929,1339,1481,1755,1779,1931,152,1687,
GISDATA.CENSUS2020TOWNS_POLY.139,25,015,54030,00618206,2501554030,Plainfield town,43,T1,G4040,790,78100, ,A,54709408,596478,+42.5123532,-072.9186658,PLAINFIELD,237,25015,HAMPSHIRE,T,3,13665.83,21.35,237,287,425,571,589,648,633,-15,335,
GISDATA.CENSUS2020TOWNS_POLY.74,25,003,34655,00618268,2500334655,Lee town,43,T1,G4040,770,76600, ,A,67718745,2251034,+42.3031741,-073.2339236,LEE,150,25003,BERKSHIRE,T,2,17288.74,27.01,5271,6426,6247,5849,5985,5943,5788,-155,3398,
GISDATA.CENSUS2020TOWNS_POLY.75,25,003,60225,00619427,2500360225,Savoy town,43,T1,G4040,770,76600, ,A,92861024,460057,+42.5941657,-073.0223195,SAVOY,263,25003,BERKSHIRE,T,2,23059.61,36.03,277,322,644,634,705,692,645,-47,350,
GISDATA.CENSUS2020TOWNS_POLY.77,25,003,00555,00619415,2500300555,Adams town,43,T1,G4040,770,76600, ,A,59281213,183353,+42.6255598,-073.1198280,ADAMS,4,25003,BERKSHIRE,T,3,14693.79,22.96,12391,11772,10381,9445,8809,8485,8166,-319,4336,
GISDATA.CENSUS2020TOWNS_POLY.80,25,027,58580,00619488,2502758580,Royalston town,43,T1,G4040,715,70450, ,A,108239491,1835155,+42.6889717,-072.1853265,ROYALSTON,255,25027,WORCESTER,T,2,27200.02,42.5,800,809,955,1147,1254,1258,1250,-8,649,
GISDATA.CENSUS2020TOWNS_POLY.78,25,003,13345,00618264,2500313345,Cheshire town,43,T1,G4040,770,76600, ,A,69442567,1833959,+42.5651072,-073.1491424,CHESHIRE,58,25003,BERKSHIRE,T,4,17612.27,27.52,2472,3006,3124,3479,3401,3235,3258,23,1539,
GISDATA.CENSUS2020TOWNS_POLY.312,25,011,35180,00618168,2501135180,Leverett town,43,T1,G4040,790,78100, ,A,59026773,425598,+42.4688984,-072.4845789,LEVERETT,154,25011,FRANKLIN,T,2,14690.29,22.95,914,1005,1471,1785,1663,1851,1865,14,827,
GISDATA.CENSUS2020TOWNS_POLY.79,25,027,55395,00618380,2502755395,Princeton town,43,T1,G4040,715,79600, ,A,91767679,1032232,+42.4541251,-071.8775397,PRINCETON,241,25027,WORCESTER,T,4,22930.19,35.83,1360,1681,2425,3189,3353,3413,3495,82,1383,
GISDATA.CENSUS2020TOWNS_POLY.322,25,015,52560,00618205,2501552560,Pelham town,43,T1,G4040,790,78100, ,A,65017557,3739212,+42.3716476,-072.4124883,PELHAM,230,25015,HAMPSHIRE,T,3,16989.13,26.55,805,937,1112,1373,1403,1321,1280,-41,574,
GISDATA.CENSUS2020TOWNS_POLY.323,25,021,74175,00618332,2502174175,Wellesley town,43,T1,G4040,715,71650,71634,A,25954492,1317781,+42.3059316,-071.2829170,WELLESLEY,317,25021,NORFOLK,T,2,6738.67,10.53,26071,28051,27209,26615,26613,27982,29550,1568,9282,
GISDATA.CENSUS2020TOWNS_POLY.81,25,027,61800,00619489,2502761800,Shrewsbury town,43,T1,G4040,715,79600, ,A,53703862,2644084,+42.2847672,-071.7142277,SHREWSBURY,271,25027,WORCESTER,T,1,13922.92,21.75,16622,19196,22674,24146,31640,35608,38325,2717,14966,
GISDATA.CENSUS2020TOWNS_POLY.91,25,003,28180,00619421,2500328180,Hancock town,43,T1,G4040,770,76600, ,A,92421766,177284,+42.5300036,-073.3166350,HANCOCK,121,25003,BERKSHIRE,T,2,22880.89,35.75,455,675,643,628,721,717,757,40,998,
GISDATA.CENSUS2020TOWNS_POLY.82,25,027,63345,00618383,2502763345,Southbridge Town city,25,C5,G4040,715,79600, ,F,52416905,1612700,+42.0597374,-072.0339083,SOUTHBRIDGE,278,25027,WORCESTER,TC,4,13350.14,20.86,16523,17057,16665,17816,17214,16719,17740,1021,7899,
GISDATA.CENSUS2020TOWNS_POLY.83,25,003,14010,00619417,2500314010,Clarksburg town,43,T1,G4040,770,76150, ,A,32868742,267283,+42.7227205,-073.1058185,CLARKSBURG,63,25003,BERKSHIRE,T,2,8188.2,12.79,1741,1987,1871,1745,1686,1702,1657,-45,749,
GISDATA.CENSUS2020TOWNS_POLY.84,25,003,16180,00619418,2500316180,Dalton town,43,T1,G4040,770,76600, ,A,56384679,256362,+42.4798193,-073.1537760,DALTON,70,25003,BERKSHIRE,T,2,13995.65,21.87,6436,7505,6797,7155,6892,6756,6330,-426,2928,
GISDATA.CENSUS2020TOWNS_POLY.85,25,015,26535,00618200,2501526535,Granby town,43,T1,G4040,790,78100, ,A,72035965,666977,+42.2449487,-072.5001426,GRANBY,111,25015,HAMPSHIRE,T,2,17964.04,28.07,4221,5473,5380,5565,6132,6240,6110,-130,2498,
GISDATA.CENSUS2020TOWNS_POLY.86,25,027,68155,00618384,2502768155,Sturbridge town,43,T1,G4040,715,79600, ,A,96426815,4497578,+42.1048104,-072.0877401,STURBRIDGE,287,25027,WORCESTER,T,1,24937.27,38.96,3604,4878,5976,7775,7837,9268,9867,599,4223,
GISDATA.CENSUS2020TOWNS_POLY.96,25,003,56795,00619425,2500356795,Richmond town,43,T1,G4040,770,76600, ,A,48450058,840963,+42.3834973,-073.3591868,RICHMOND,249,25003,BERKSHIRE,T,4,12179.35,19.03,890,1461,1659,1677,1604,1475,1407,-68,885,
GISDATA.CENSUS2020TOWNS_POLY.87,25,027,68610,00619491,2502768610,Sutton town,43,T1,G4040,715,79600, ,A,83953486,4181757,+42.1320512,-071.7503180,SUTTON,290,25027,WORCESTER,T,3,21777.19,34.03,3638,4590,5855,6824,8250,8963,9357,394,3612,
GISDATA.CENSUS2020TOWNS_POLY.88,25,003,24120,00619419,2500324120,Florida town,43,T1,G4040,770,76150, ,A,63095575,605826,+42.6800415,-073.0158137,FLORIDA,98,25003,BERKSHIRE,T,4,15740.95,24.6,569,672,730,742,676,752,694,-58,362,
GISDATA.CENSUS2020TOWNS_POLY.89,25,003,21360,00618265,2500321360,Egremont town,43,T1,G4040, , , ,A,48350787,618506,+42.1735328,-073.4449312,EGREMONT,90,25003,BERKSHIRE,T,3,12099.72,18.91,895,1138,1311,1229,1345,1225,1372,147,941,
GISDATA.CENSUS2020TOWNS_POLY.107,25,027,06015,00619477,2502706015,Blackstone town,43,T1,G4040,715,77200, ,A,28778366,825566,+42.0399909,-071.5324059,BLACKSTONE,32,25027,WORCESTER,T,4,7314.83,11.43,5130,6566,6570,8023,8804,9026,9208,182,3869,
GISDATA.CENSUS2020TOWNS_POLY.90,25,003,26815,00619420,2500326815,Great Barrington town,43,T1,G4040, , , ,A,116080288,2470939,+42.2216958,-073.3331753,GREAT BARRINGTON,113,25003,BERKSHIRE,T,4,29292.58,45.77,6624,7537,7405,7725,7527,7104,7172,68,3686,
GISDATA.CENSUS2020TOWNS_POLY.92,25,003,30315,00618266,2500330315,Hinsdale town,43,T1,G4040,770,76600, ,A,53689955,2502365,+42.4358274,-073.1128124,HINSDALE,132,25003,BERKSHIRE,T,3,13884.67,21.69,1414,1588,1707,1959,1872,2032,1919,-113,1126,
GISDATA.CENSUS2020TOWNS_POLY.93,25,007,78235,00618291,2500778235,West Tisbury town,43,T1,G4040, ,78500, ,A,64827962,43346497,+41.3944058,-070.6564473,WEST TISBURY,327,25007,DUKES,T,4,16208.84,25.33,360,453,1010,1704,2467,2740,3555,815,2371,
GISDATA.CENSUS2020TOWNS_POLY.94,25,007,50390,00619442,2500750390,Oak Bluffs town,43,T1,G4040, ,78500, ,A,18874981,48244855,+41.4571596,-070.5561006,OAK BLUFFS,221,25007,DUKES,T,3,4748.35,7.42,1419,1385,1984,2804,3713,4527,5341,814,4429,
GISDATA.CENSUS2020TOWNS_POLY.95,25,027,73090,00618388,2502773090,Warren town,43,T1,G4040, , , ,A,71311785,267202,+42.1996041,-072.2000063,WARREN,311,25027,WORCESTER,T,2,17686.3,27.63,3383,3633,3777,4437,4776,5135,4975,-160,2197,
GISDATA.CENSUS2020TOWNS_POLY.97,25,003,61065,00619428,2500361065,Sheffield town,43,T1,G4040, , , ,A,122791552,2936438,+42.1036505,-073.3598875,SHEFFIELD,267,25003,BERKSHIRE,T,2,31065.96,48.54,2138,2374,2743,2910,3335,3257,3327,70,1766,
GISDATA.CENSUS2020TOWNS_POLY.98,25,027,30560,00618365,2502730560,Holden town,43,T1,G4040,715,79600, ,A,90864634,3204048,+42.3558009,-071.8625737,HOLDEN,134,25027,WORCESTER,T,1,23243.41,36.32,10117,12564,13336,14628,15621,17346,19905,2559,7439,
GISDATA.CENSUS2020TOWNS_POLY.99,25,027,63165,00618382,2502763165,Southborough town,43,T1,G4040,715,71650,73104,A,36285338,3920482,+42.2996253,-071.5284274,SOUTHBOROUGH,277,25027,WORCESTER,T,1,9934.4,15.52,3996,5798,6193,6628,8781,9767,10450,683,3763,
GISDATA.CENSUS2020TOWNS_POLY.100,25,027,75015,00618390,2502775015,Westborough town,43,T1,G4040,715,79600, ,A,53355004,2228712,+42.2684262,-071.6133087,WESTBOROUGH,328,25027,WORCESTER,T,3,13734.08,21.46,9599,12594,13619,14133,17997,18272,21567,3295,8334,
GISDATA.CENSUS2020TOWNS_POLY.101,25,027,82000,00619493,2502782000,Worcester city,25,C5,G4040,715,79600, ,F,96765976,2809034,+42.2694781,-071.8077831,WORCESTER,348,25027,WORCESTER,C,3,24603.81,38.44,186587,176572,161799,169759,172648,181045,206518,25473,84281,
GISDATA.CENSUS2020TOWNS_POLY.102,25,027,71480,00618386,2502771480,Upton town,43,T1,G4040,715,79600, ,A,55941701,610404,+42.1765255,-071.6035879,UPTON,303,25027,WORCESTER,T,4,13973.34,21.83,3127,3484,3886,4677,5642,7542,8000,458,2995,
GISDATA.CENSUS2020TOWNS_POLY.103,25,003,67595,00618274,2500367595,Stockbridge town,43,T1,G4040,770,76600, ,A,58901886,2431454,+42.3019692,-073.3230236,STOCKBRIDGE,283,25003,BERKSHIRE,T,1,15154.78,23.68,2161,2312,2328,2408,2276,1947,2018,71,1633,
GISDATA.CENSUS2020TOWNS_POLY.104,25,003,73335,00618275,2500373335,Washington town,43,T1,G4040,770,76600, ,A,98423701,2118463,+42.3697676,-073.1551696,WASHINGTON,313,25003,BERKSHIRE,T,4,24842.96,38.82,290,406,587,615,544,538,494,-44,270,
GISDATA.CENSUS2020TOWNS_POLY.105,25,027,01885,00618356,2502701885,Ashburnham town,43,T1,G4040,715,74500, ,A,99284822,6768398,+42.6486969,-071.9198962,ASHBURNHAM,11,25027,WORCESTER,T,2,26206.15,40.95,2758,3484,4075,5433,5546,6081,6315,234,2730,
GISDATA.CENSUS2020TOWNS_POLY.106,25,027,02760,00619474,2502702760,Auburn town,43,T1,G4040,715,79600, ,A,40105400,2408374,+42.1988672,-071.8457222,AUBURN,17,25027,WORCESTER,T,2,10504.64,16.41,14047,15347,14845,15005,15901,16188,16889,701,6999,
GISDATA.CENSUS2020TOWNS_POLY.108,25,027,06365,00618357,2502706365,Bolton town,43,T1,G4040,715,71650,71634,A,51659942,345877,+42.4399331,-071.6018846,BOLTON,34,25027,WORCESTER,T,3,12850.23,20.08,1264,1905,2530,3134,4148,4897,5665,768,1982,
GISDATA.CENSUS2020TOWNS_POLY.109,25,003,77990,00618276,2500377990,West Stockbridge town,43,T1,G4040, , , ,A,47792810,595257,+42.3123539,-073.3880437,WEST STOCKBRIDGE,326,25003,BERKSHIRE,T,2,11956.15,18.68,1244,1354,1280,1483,1416,1306,1343,37,852,
GISDATA.CENSUS2020TOWNS_POLY.110,25,003,80685,00619431,2500380685,Windsor town,43,T1,G4040,770,76600, ,A,90620771,448405,+42.5198375,-073.0496901,WINDSOR,345,25003,BERKSHIRE,T,1,22502.76,35.16,384,468,598,770,875,899,831,-68,473,
GISDATA.CENSUS2020TOWNS_POLY.111,25,027,69275,00619492,2502769275,Templeton town,43,T1,G4040,715,74500, ,A,82565909,1318890,+42.5634822,-072.0754719,TEMPLETON,294,25027,WORCESTER,T,1,20727.78,32.39,5371,5863,6070,6438,6799,8013,8149,136,3262,
GISDATA.CENSUS2020TOWNS_POLY.120,25,027,47135,00618377,2502747135,North Brookfield town,43,T1,G4040,715,79600, ,A,55085933,1756793,+42.2675643,-072.0668759,NORTH BROOKFIELD,212,25027,WORCESTER,T,2,14045.17,21.95,3616,3967,4150,4708,4683,4680,4735,55,2123,
GISDATA.CENSUS2020TOWNS_POLY.112,25,027,46820,00618375,2502746820,Northborough town,43,T1,G4040,715,79600, ,A,47853242,705494,+42.3233423,-071.6462358,NORTHBOROUGH,215,25027,WORCESTER,T,4,11998.33,18.75,6687,9218,10568,11929,14013,14155,15741,1586,5897,
GISDATA.CENSUS2020TOWNS_POLY.113,25,003,43300,00618271,2500343300,Mount Washington town,43,T1,G4040, , , ,A,57628910,390424,+42.0909195,-073.4701971,MOUNT WASHINGTON,195,25003,BERKSHIRE,T,1,14335.93,22.4,34,52,93,135,130,167,160,-7,173,
GISDATA.CENSUS2020TOWNS_POLY.114,25,003,45420,00618272,2500345420,New Marlborough town,43,T1,G4040, , , ,A,121432671,2629683,+42.0983596,-073.2458658,NEW MARLBOROUGH,203,25003,BERKSHIRE,T,3,30654.4,47.9,1083,1031,1160,1240,1494,1509,1528,19,997,
GISDATA.CENSUS2020TOWNS_POLY.115,25,003,46225,00618273,2500346225,North Adams city,25,C5,G4040,770,76150, ,F,52697981,691989,+42.6755651,-073.1181140,NORTH ADAMS,209,25003,BERKSHIRE,C,1,13192.96,20.61,19905,19195,18063,16797,14681,13708,12961,-747,6871,
GISDATA.CENSUS2020TOWNS_POLY.116,25,027,02480,00619473,2502702480,Athol town,43,T1,G4040,715,70450, ,A,83649153,2763016,+42.5759263,-072.2295891,ATHOL,15,25027,WORCESTER,T,1,21352.36,33.36,11637,11185,10634,11451,11299,11584,11945,361,5291,
GISDATA.CENSUS2020TOWNS_POLY.121,25,027,58825,00618381,2502758825,Rutland town,43,T1,G4040,715,79600, ,A,90974490,2946993,+42.3882849,-071.9698654,RUTLAND,257,25027,WORCESTER,T,3,23207.1,36.26,3253,3198,4334,4936,6353,7973,9049,1076,3376,
GISDATA.CENSUS2020TOWNS_POLY.117,25,027,17685,00618361,2502717685,Dudley town,43,T1,G4040,715,79600, ,A,53955588,2742703,+42.0537777,-071.9350751,DUDLEY,80,25027,WORCESTER,T,2,14009.55,21.89,6510,8087,8717,9540,10036,11390,11921,531,4657,
GISDATA.CENSUS2020TOWNS_POLY.118,25,003,53050,00619423,2500353050,Peru town,43,T1,G4040,770,76600, ,A,67162248,273449,+42.4081690,-073.0353403,PERU,233,25003,BERKSHIRE,T,2,16662.81,26.04,197,256,633,779,821,847,814,-33,416,
GISDATA.CENSUS2020TOWNS_POLY.122,25,027,66105,00618385,2502766105,Spencer town,43,T1,G4040,715,79600, ,A,85084292,3005405,+42.2472111,-071.9918667,SPENCER,280,25027,WORCESTER,T,1,21765.92,34.01,7838,8779,10774,11645,11691,11688,11992,304,5515,
GISDATA.CENSUS2020TOWNS_POLY.119,25,003,53960,00619424,2500353960,Pittsfield city,25,C5,G4040,770,76600, ,F,104812683,5165042,+42.4518397,-073.2606845,PITTSFIELD,236,25003,BERKSHIRE,C,1,27174.69,42.46,57879,57020,51974,48622,45793,44737,43927,-810,21738,
GISDATA.CENSUS2020TOWNS_POLY.123,25,027,50670,00618378,2502750670,Oakham town,43,T1,G4040,715,79600, ,A,53925831,1033076,+42.3508615,-072.0442480,OAKHAM,222,25027,WORCESTER,T,4,13579.77,21.22,524,730,994,1503,1673,1902,1851,-51,738,
GISDATA.CENSUS2020TOWNS_POLY.124,25,027,07525,00619478,2502707525,Boylston town,43,T1,G4040,715,79600, ,A,41588110,9556292,+42.3550489,-071.7161570,BOYLSTON,39,25027,WORCESTER,T,3,12637.26,19.75,2367,2774,3470,3517,4008,4355,4849,494,1961,
GISDATA.CENSUS2020TOWNS_POLY.125,25,027,14395,00618360,2502714395,Clinton town,43,T1,G4040,715,79600, ,A,14640558,4176666,+42.4118873,-071.6900054,CLINTON,64,25027,WORCESTER,T,1,4649.57,7.26,12848,13383,12771,13222,13435,13606,15428,1822,6947,
GISDATA.CENSUS2020TOWNS_POLY.338,25,023,79530,00618355,2502379530,Whitman town,43,T1,G4040,715,71650,71634,A,17964266,59307,+42.0789741,-070.9393902,WHITMAN,338,25023,PLYMOUTH,T,2,4453.43,6.96,10485,13059,13534,13240,13882,14489,15121,632,5984,
GISDATA.CENSUS2020TOWNS_POLY.126,25,027,17300,00619479,2502717300,Douglas town,43,T1,G4040,715,79600, ,A,94395193,3768235,+42.0530722,-071.7522414,DOUGLAS,77,25027,WORCESTER,T,4,24255.16,37.9,2559,2947,3730,5438,7045,8471,8983,512,3509,
GISDATA.CENSUS2020TOWNS_POLY.128,25,027,26430,00619480,2502726430,Grafton town,43,T1,G4040,715,79600, ,A,59059792,1298238,+42.2091512,-071.6836442,GRAFTON,110,25027,WORCESTER,T,2,14913.74,23.3,10627,11659,11238,13035,14894,17765,19664,1899,7760,
GISDATA.CENSUS2020TOWNS_POLY.129,25,005,60645,00618286,2500560645,Seekonk town,43,T1,G4040,715,77200, ,A,47643806,638668,+41.8397984,-071.3180471,SEEKONK,265,25005,BRISTOL,T,2,11930.49,18.64,8399,11116,12269,13046,13425,13722,15531,1809,6057,
GISDATA.CENSUS2020TOWNS_POLY.127,25,027,18560,00618362,2502718560,East Brookfield town,43,T1,G4040,715,79600, ,A,25547237,1447029,+42.2096822,-072.0401777,EAST BROOKFIELD,84,25027,WORCESTER,T,4,6669.96,10.42,1533,1800,1955,2033,2097,2183,2224,41,978,
GISDATA.CENSUS2020TOWNS_POLY.339,25,023,28285,00618341,2502328285,Hanover town,43,T1,G4040,715,71650,71634,A,40242021,236963,+42.1229562,-070.8563099,HANOVER,122,25023,PLYMOUTH,T,1,10001.88,15.63,5923,10107,11358,11912,13164,13879,14833,954,5268,
GISDATA.CENSUS2020TOWNS_POLY.340,25,023,38855,00619470,2502338855,Marshfield town,43,T1,G4040,715,71650,71634,A,74197478,8114431,+42.1151393,-070.7103308,MARSHFIELD,171,25023,PLYMOUTH,T,3,18558.44,29,6748,15223,20916,21531,24324,25132,25825,693,11575,
GISDATA.CENSUS2020TOWNS_POLY.341,25,023,50145,00618347,2502350145,Norwell town,43,T1,G4040,715,71650,71634,A,54211132,801122,+42.1645688,-070.8188439,NORWELL,219,25023,PLYMOUTH,T,2,13592.87,21.24,5207,7796,9182,9279,9765,10506,11351,845,3805,
GISDATA.CENSUS2020TOWNS_POLY.342,25,013,52144,00619387,2501352144,Palmer Town city,25,C5,G4040,790,78100, ,F,81773519,1093565,+42.1888618,-072.3064803,PALMER,227,25013,HAMPDEN,TC,3,20475.46,31.99,10358,11680,11389,12054,12497,12140,12448,308,5854,
GISDATA.CENSUS2020TOWNS_POLY.130,25,005,05280,00619432,2500505280,Berkley town,43,T1,G4040,715,71650,78254,A,42767440,2360496,+41.8380611,-071.0776152,BERKLEY,27,25005,BRISTOL,T,3,11151.02,17.42,1609,2027,2731,4237,5749,6411,6764,353,2360,
GISDATA.CENSUS2020TOWNS_POLY.132,25,027,35075,00618369,2502735075,Leominster city,25,C5,G4040,715,74500, ,F,74651305,2224036,+42.5208757,-071.7706106,LEOMINSTER,153,25027,WORCESTER,C,3,18995.56,29.68,27929,32939,34508,38145,41303,40759,43782,3023,18732,
GISDATA.CENSUS2020TOWNS_POLY.143,25,015,76380,00618210,2501576380,Westhampton town,43,T1,G4040,790,78100, ,A,70388192,478375,+42.3140779,-072.7779767,WESTHAMPTON,331,25015,HAMPSHIRE,T,4,17510.34,27.36,583,793,1137,1327,1468,1607,1622,15,747,
GISDATA.CENSUS2020TOWNS_POLY.133,25,027,37420,00618370,2502737420,Lunenburg town,43,T1,G4040,715,74500, ,A,68344667,3516270,+42.5826069,-071.7204641,LUNENBURG,162,25027,WORCESTER,T,2,17756.78,27.74,6334,7419,8405,9117,9401,10086,11782,1696,4805,
GISDATA.CENSUS2020TOWNS_POLY.135,25,027,41340,00618373,2502741340,Millbury town,43,T1,G4040,715,79600, ,A,40706285,1887555,+42.1922464,-071.7776490,MILLBURY,186,25027,WORCESTER,T,4,10524.42,16.44,9623,11987,11808,12228,12784,13261,13831,570,5987,
GISDATA.CENSUS2020TOWNS_POLY.136,25,005,22130,00618281,2500522130,Fairhaven town,43,T1,G4040,715,75550, ,A,32070891,4599872,+41.6336673,-070.8713617,FAIRHAVEN,94,25005,BRISTOL,T,4,7950.57,12.42,14339,16332,15759,16132,16159,15873,15924,51,7670,
GISDATA.CENSUS2020TOWNS_POLY.134,25,027,40255,00618371,2502740255,Mendon town,43,T1,G4040,715,71650,73104,A,46016346,553210,+42.0938697,-071.5445190,MENDON,179,25027,WORCESTER,T,3,11506.82,17.98,2068,2524,3108,4010,5286,5839,6228,389,2234,
GISDATA.CENSUS2020TOWNS_POLY.137,25,013,30665,00618185,2501330665,Holland town,43,T1,G4040,715,79600, ,A,31810569,1990947,+42.0467834,-072.1802118,HOLLAND,135,25013,HAMPDEN,T,3,8351.99,13.05,561,931,1589,2185,2407,2481,2603,122,1405,
GISDATA.CENSUS2020TOWNS_POLY.138,25,015,46330,00619392,2501546330,Northampton city,25,C5,G4040,790,78100, ,F,88696340,3896470,+42.3270445,-072.6746304,NORTHAMPTON,214,25015,HAMPSHIRE,C,2,22878.67,35.75,30058,29664,29286,29289,28978,28549,29571,1022,13668,
GISDATA.CENSUS2020TOWNS_POLY.140,25,015,64145,00618208,2501564145,South Hadley town,43,T1,G4040,790,78100, ,A,45889382,1865126,+42.2565324,-072.5802475,SOUTH HADLEY,275,25015,HAMPSHIRE,T,3,11799.57,18.44,14956,17033,16399,16685,17196,17514,18150,636,7439,
GISDATA.CENSUS2020TOWNS_POLY.141,25,015,82175,00618212,2501582175,Worthington town,43,T1,G4040,790,78100, ,A,82765525,381549,+42.3975593,-072.9433922,WORTHINGTON,349,25015,HAMPSHIRE,T,1,20544.88,32.1,597,712,932,1156,1270,1156,1193,37,625,
GISDATA.CENSUS2020TOWNS_POLY.142,25,015,62745,00618207,2501562745,Southampton town,43,T1,G4040,790,78100, ,A,72918526,2082889,+42.2269485,-072.7415876,SOUTHAMPTON,276,25015,HAMPSHIRE,T,1,18531.95,28.96,2192,3069,4137,4478,5387,5792,6224,432,2551,
GISDATA.CENSUS2020TOWNS_POLY.144,25,027,34795,00619483,2502734795,Leicester town,43,T1,G4040,715,79600, ,A,60245705,3554617,+42.2384267,-071.9123398,LEICESTER,151,25027,WORCESTER,T,4,15764.3,24.63,8177,9140,9446,10191,10471,10970,11087,117,4371,
GISDATA.CENSUS2020TOWNS_POLY.145,25,013,77890,00618194,2501377890,West Springfield Town city,25,C5,G4040,790,78100, ,F,43331574,2086320,+42.1254511,-072.6497341,WEST SPRINGFIELD,325,25013,HAMPDEN,TC,2,11222.23,17.53,24924,28461,27042,27537,27899,28391,28835,444,12885,
GISDATA.CENSUS2020TOWNS_POLY.147,25,013,13485,00619385,2501313485,Chester town,43,T1,G4040,790,78100, ,A,94760485,1498302,+42.2697278,-072.9344954,CHESTER,59,25013,HAMPDEN,T,4,23784.44,37.16,1155,1025,1123,1280,1308,1337,1228,-109,622,
GISDATA.CENSUS2020TOWNS_POLY.146,25,013,06085,00619383,2501306085,Blandford town,43,T1,G4040,790,78100, ,A,133583217,4837701,+42.1901905,-072.9542627,BLANDFORD,33,25013,HAMPDEN,T,2,34202.14,53.44,636,863,1038,1187,1214,1233,1215,-18,576,
GISDATA.CENSUS2020TOWNS_POLY.194,25,001,70605,00618260,2500170605,Truro town,43,T1,G4040,715,70900, ,A,54268861,13686727,+42.0135566,-070.0641514,TRURO,300,25001,BARNSTABLE,T,3,13843.8,21.63,1002,1234,1486,1573,2087,2003,2454,451,3001,
GISDATA.CENSUS2020TOWNS_POLY.195,25,001,16775,00618252,2500116775,Dennis town,43,T1,G4040,715,70900, ,A,53343072,4563550,+41.7061233,-070.1648227,DENNIS,75,25001,BARNSTABLE,T,4,13716.73,21.43,3727,6454,12360,13864,15973,14207,14674,467,15799,
GISDATA.CENSUS2020TOWNS_POLY.196,25,001,19295,00619414,2500119295,Eastham town,43,T1,G4040,715,70900, ,A,36176252,30406552,+41.8415724,-069.9889257,EASTHAM,86,25001,BARNSTABLE,T,4,9194.28,14.37,1200,2043,3472,4462,5453,4956,5752,796,6105,
GISDATA.CENSUS2020TOWNS_POLY.148,25,013,13660,00618181,2501313660,Chicopee city,25,C5,G4040,790,78100, ,F,59325175,2504791,+42.1775863,-072.5701892,CHICOPEE,61,25013,HAMPDEN,C,1,15277.44,23.87,61553,66676,55112,56632,54653,55298,55560,262,25544,
GISDATA.CENSUS2020TOWNS_POLY.149,25,013,26675,00618183,2501326675,Granville town,43,T1,G4040,790,78100, ,A,109598643,2080864,+42.0873555,-072.9083495,GRANVILLE,112,25013,HAMPDEN,T,4,27594.78,43.12,874,1008,1204,1403,1521,1566,1538,-28,656,
GISDATA.CENSUS2020TOWNS_POLY.150,25,013,28075,00618184,2501328075,Hampden town,43,T1,G4040,790,78100, ,A,50791584,77618,+42.0711876,-072.4177176,HAMPDEN,120,25013,HAMPDEN,T,4,12569.24,19.64,2345,4572,4745,4709,5171,5139,4966,-173,2008,
GISDATA.CENSUS2020TOWNS_POLY.151,25,013,30840,00619386,2501330840,Holyoke city,25,C5,G4040,790,78100, ,F,54816657,4226508,+42.2116578,-072.6424476,HOLYOKE,137,25013,HAMPDEN,C,4,14588.86,22.8,52689,50112,44678,43704,39838,39880,38238,-1642,16874,
GISDATA.CENSUS2020TOWNS_POLY.152,25,013,37175,00618187,2501337175,Ludlow town,43,T1,G4040,790,78100, ,A,70436242,2958247,+42.1835768,-072.4578116,LUDLOW,161,25013,HAMPDEN,T,4,18134.89,28.34,13805,17580,18150,18820,21209,21103,21002,-101,8755,
GISDATA.CENSUS2020TOWNS_POLY.153,25,017,04615,00619395,2501704615,Bedford town,43,T1,G4040,715,71650,71634,A,35385677,457784,+42.4993321,-071.2819012,BEDFORD,23,25017,MIDDLESEX,T,1,8856.72,13.84,10969,13513,13067,12996,12595,13320,14383,1063,5444,
GISDATA.CENSUS2020TOWNS_POLY.154,25,017,07350,00618218,2501707350,Boxborough town,43,T1,G4040,715,71650,71634,A,26637362,317226,+42.4859849,-071.5209848,BOXBOROUGH,37,25017,MIDDLESEX,T,4,6660.32,10.41,744,1451,3126,3343,4868,4996,5506,510,2362,
GISDATA.CENSUS2020TOWNS_POLY.155,25,017,09840,00618219,2501709840,Burlington town,43,T1,G4040,715,71650,71634,A,30432086,294382,+42.5032267,-071.2017130,BURLINGTON,48,25017,MIDDLESEX,T,4,7592.35,11.86,12852,21980,23486,23302,22876,24498,26377,1879,10431,
GISDATA.CENSUS2020TOWNS_POLY.156,25,013,42530,00618189,2501342530,Montgomery town,43,T1,G4040,790,78100, ,A,38725532,301565,+42.2203954,-072.8349995,MONTGOMERY,194,25013,HAMPDEN,T,2,9643.12,15.07,333,446,637,759,654,838,819,-19,351,
GISDATA.CENSUS2020TOWNS_POLY.157,25,013,67000,00619388,2501367000,Springfield city,25,C5,G4040,790,78100, ,F,82542449,3135407,+42.1154540,-072.5399783,SPRINGFIELD,281,25013,HAMPDEN,C,3,21170,33.08,174463,163905,152319,156983,152082,153060,155929,2869,62782,
GISDATA.CENSUS2020TOWNS_POLY.202,25,017,40115,00619406,2501740115,Melrose city,25,C5,G4040,715,71650,71634,F,12129527,219702,+42.4557230,-071.0590194,MELROSE,178,25017,MIDDLESEX,C,3,3051.4,4.77,29619,33180,30055,28150,27134,26983,29817,2834,12614,
GISDATA.CENSUS2020TOWNS_POLY.158,25,027,51825,00618379,2502751825,Oxford town,43,T1,G4040,715,79600, ,A,68679052,2350485,+42.1282605,-071.8671001,OXFORD,226,25027,WORCESTER,T,1,17550.56,27.42,9282,10345,11680,12588,13352,13709,13347,-362,5678,
GISDATA.CENSUS2020TOWNS_POLY.159,25,027,52420,00619485,2502752420,Paxton town,43,T1,G4040,715,79600, ,A,38043661,1980546,+42.3116934,-071.9402820,PAXTON,228,25027,WORCESTER,T,2,9889.53,15.45,2399,3731,3762,4047,4386,4806,5004,198,1689,
GISDATA.CENSUS2020TOWNS_POLY.160,25,015,40990,00618204,2501540990,Middlefield town,43,T1,G4040,790,78100, ,A,62415377,70339,+42.3673523,-073.0239895,MIDDLEFIELD,183,25015,HAMPSHIRE,T,3,15439.57,24.12,315,288,385,392,542,521,385,-136,215,
GISDATA.CENSUS2020TOWNS_POLY.161,25,027,67385,00619490,2502767385,Sterling town,43,T1,G4040,715,79600, ,A,79295016,2752995,+42.4479239,-071.7760449,STERLING,282,25027,WORCESTER,T,2,20273.43,31.68,3193,4247,5440,6481,7257,7808,7985,177,3117,
GISDATA.CENSUS2020TOWNS_POLY.162,25,027,71620,00618387,2502771620,Uxbridge town,43,T1,G4040,715,79600, ,A,76628395,1754094,+42.0611658,-071.6436275,UXBRIDGE,304,25027,WORCESTER,T,2,19367.48,30.26,7789,8253,8374,10415,11156,13457,14162,705,5730,
GISDATA.CENSUS2020TOWNS_POLY.325,25,027,75155,00618391,2502775155,West Boylston town,43,T1,G4040,715,79600, ,A,33547850,2359248,+42.3694173,-071.7850362,WEST BOYLSTON,321,25027,WORCESTER,T,4,8872.29,13.86,5526,6369,6204,6611,7481,7669,7877,208,3052,
GISDATA.CENSUS2020TOWNS_POLY.163,25,027,80405,00618394,2502780405,Winchendon town,43,T1,G4040,715,74500, ,A,111409560,2748267,+42.6681596,-072.0556441,WINCHENDON,343,25027,WORCESTER,T,4,28208.89,44.08,6237,6635,7019,8805,9611,10300,10364,64,4331,
GISDATA.CENSUS2020TOWNS_POLY.164,25,017,68050,00618236,2501768050,Stow town,43,T1,G4040,715,71650,71634,A,44865893,1744542,+42.4296884,-071.5125140,STOW,286,25017,MIDDLESEX,T,1,11517.06,18,2573,3984,5144,5328,5902,6590,7174,584,2770,
GISDATA.CENSUS2020TOWNS_POLY.165,25,017,72215,00619410,2501772215,Wakefield town,43,T1,G4040,715,71650,71634,A,19146049,1560573,+42.5043613,-071.0640612,WAKEFIELD,305,25017,MIDDLESEX,T,2,5116.5,7.99,24295,25402,24895,24825,24804,24932,27090,2158,11305,
GISDATA.CENSUS2020TOWNS_POLY.166,25,017,76135,00618244,2501776135,Westford town,43,T1,G4040,715,71650,74804,A,78332096,2895769,+42.5855413,-071.4402500,WESTFORD,330,25017,MIDDLESEX,T,1,20071.33,31.36,6261,10368,13434,16392,20754,21951,24643,2692,9237,
GISDATA.CENSUS2020TOWNS_POLY.167,25,017,80510,00618247,2501780510,Winchester town,43,T1,G4040,715,71650,71634,A,15622016,817439,+42.4527518,-071.1443188,WINCHESTER,344,25017,MIDDLESEX,T,2,4062.07,6.35,19376,22269,20701,20267,20810,21374,22970,1596,8135,
GISDATA.CENSUS2020TOWNS_POLY.168,25,017,11525,00619397,2501711525,Carlisle town,43,T1,G4040,715,71650,71634,A,39560501,646536,+42.5368071,-071.3613240,CARLISLE,51,25017,MIDDLESEX,T,4,9935,15.52,1488,2871,3306,4333,4717,4852,5237,385,1897,
GISDATA.CENSUS2020TOWNS_POLY.203,25,017,67665,00618235,2501767665,Stoneham town,43,T1,G4040,715,71650,71634,A,15578670,1632658,+42.4742082,-071.0976654,STONEHAM,284,25017,MIDDLESEX,T,4,4252.81,6.65,17821,20725,21424,22203,22219,21437,23244,1807,10159,
GISDATA.CENSUS2020TOWNS_POLY.169,25,017,15060,00619398,2501715060,Concord town,43,T1,G4040,715,71650,71634,A,63489537,3416921,+42.4629107,-071.3644962,CONCORD,67,25017,MIDDLESEX,T,3,16532.12,25.83,12517,16148,16293,17076,16993,17668,18491,823,7295,
GISDATA.CENSUS2020TOWNS_POLY.170,25,001,07175,00619412,2500107175,Bourne town,43,T1,G4040,715,70900, ,A,105324120,31595416,+41.7174595,-070.5918241,BOURNE,36,25001,BARNSTABLE,T,3,26305.25,41.1,14011,12636,13874,16064,18721,19754,20452,698,11140,
GISDATA.CENSUS2020TOWNS_POLY.171,25,001,39100,00618256,2500139100,Mashpee town,43,T1,G4040,715,70900, ,A,60602698,9982589,+41.6176232,-070.4927131,MASHPEE,172,25001,BARNSTABLE,T,4,16599.76,25.94,867,1288,3700,7884,12946,14006,15060,1054,10757,
GISDATA.CENSUS2020TOWNS_POLY.172,25,001,59735,00618259,2500159735,Sandwich town,43,T1,G4040,715,70900, ,A,111062689,3823074,+41.7132003,-070.4857371,SANDWICH,261,25001,BARNSTABLE,T,1,28172.6,44.02,2082,5239,8727,15489,20136,20675,20259,-416,9689,
GISDATA.CENSUS2020TOWNS_POLY.173,25,001,82525,00618262,2500182525,Yarmouth town,43,T1,G4040,715,70900, ,A,62563238,10541505,+41.6749490,-070.2260136,YARMOUTH,351,25001,BARNSTABLE,T,1,16226.1,25.35,5504,12033,18449,21174,24807,23793,25023,1230,17299,
GISDATA.CENSUS2020TOWNS_POLY.174,25,013,08470,00619384,2501308470,Brimfield town,43,T1,G4040,715,79600, ,A,90056657,1421542,+42.1281757,-072.2053516,BRIMFIELD,43,25013,HAMPDEN,T,4,22603.19,35.32,1414,1907,2318,3001,3339,3609,3694,85,1672,
GISDATA.CENSUS2020TOWNS_POLY.175,25,013,76030,00618193,2501376030,Westfield city,25,C5,G4040,790,78100, ,F,119814349,2729963,+42.1388377,-072.7559114,WESTFIELD,329,25013,HAMPDEN,C,3,30279.26,47.31,26302,31433,36465,38372,40072,41094,40834,-260,16869,
GISDATA.CENSUS2020TOWNS_POLY.176,25,017,17475,00618221,2501717475,Dracut town,43,T1,G4040,715,71650,74804,A,53548973,1925285,+42.6797230,-071.3006796,DRACUT,79,25017,MIDDLESEX,T,2,13707.99,21.42,13674,18214,21249,25594,28562,29457,32617,3160,12325,
GISDATA.CENSUS2020TOWNS_POLY.177,25,017,17825,00618222,2501717825,Dunstable town,43,T1,G4040,715,71650,74804,A,42621742,771479,+42.6761491,-071.4997715,DUNSTABLE,81,25017,MIDDLESEX,T,1,10722.68,16.75,824,1292,1671,2236,2829,3179,3358,179,1167,
GISDATA.CENSUS2020TOWNS_POLY.178,25,019,43790,00619376,2501943790,Nantucket town,43,T1,G4040, , , ,A,119637319,153001290,+41.2933918,-070.1021635,NANTUCKET,197,25019,NANTUCKET,T,1,30545.92,47.73,3559,3774,5087,6012,9520,10172,14255,4083,12169,
GISDATA.CENSUS2020TOWNS_POLY.179,25,011,42285,00618171,2501142285,Montague town,43,T1,G4040,790,73300, ,A,78083796,3350247,+42.5566171,-072.5170752,MONTAGUE,192,25011,FRANKLIN,T,4,20122.14,31.44,7836,8451,8011,8316,8489,8437,8580,143,4112,
GISDATA.CENSUS2020TOWNS_POLY.180,25,011,61135,00618175,2501161135,Shelburne town,43,T1,G4040, , , ,A,59977403,655488,+42.6186500,-072.6792789,SHELBURNE,268,25011,FRANKLIN,T,2,14982.39,23.41,1739,1836,2002,2012,2058,1893,1884,-9,1001,
GISDATA.CENSUS2020TOWNS_POLY.326,25,027,41585,00618374,2502741585,Millville town,43,T1,G4040,715,77200, ,A,12592203,143333,+42.0366420,-071.5787791,MILLVILLE,188,25027,WORCESTER,T,1,3146.82,4.92,1567,1764,1693,2236,2724,3190,3174,-16,1191,
GISDATA.CENSUS2020TOWNS_POLY.181,25,017,35215,00619401,2501735215,Lexington town,43,T1,G4040,715,71650,71634,A,42563890,533688,+42.4452217,-071.2300145,LEXINGTON,155,25017,MIDDLESEX,T,3,10649.09,16.64,27691,31886,29479,28974,30355,31394,34454,3060,12310,
GISDATA.CENSUS2020TOWNS_POLY.327,25,027,03740,00619475,2502703740,Barre town,43,T1,G4040,715,79600, ,A,114858654,718803,+42.4188835,-072.1120769,BARRE,21,25027,WORCESTER,T,1,28558.21,44.62,3479,3825,4102,4546,5113,5398,5530,132,2262,
GISDATA.CENSUS2020TOWNS_POLY.182,25,017,35425,00619402,2501735425,Lincoln town,43,T1,G4040,715,71650,71634,A,36854753,1951692,+42.4255064,-071.3108115,LINCOLN,157,25017,MIDDLESEX,T,2,9588.75,14.98,5613,7567,7098,7666,8056,6362,7014,652,2771,
GISDATA.CENSUS2020TOWNS_POLY.330,25,027,28950,00619482,2502728950,Harvard town,43,T1,G4040,715,71650,71634,A,68481205,1849656,+42.5042565,-071.5885131,HARVARD,125,25027,WORCESTER,T,2,17378.4,27.15,2563,13426,12170,12329,5981,6520,6851,331,2251,
GISDATA.CENSUS2020TOWNS_POLY.331,25,027,25485,00618364,2502725485,Gardner city,25,C5,G4040,715,74500, ,F,57154590,2453702,+42.5842062,-071.9887369,GARDNER,103,25027,WORCESTER,C,3,14729.15,23.01,19038,19748,17900,20125,20770,20228,21287,1059,9411,
GISDATA.CENSUS2020TOWNS_POLY.332,25,027,53225,00619487,2502753225,Phillipston town,43,T1,G4040,715,74500, ,A,62807231,1003704,+42.5559497,-072.1508948,PHILLIPSTON,235,25027,WORCESTER,T,4,15767.51,24.64,695,872,953,1485,1621,1682,1726,44,808,
GISDATA.CENSUS2020TOWNS_POLY.333,25,027,53120,00619486,2502753120,Petersham town,43,T1,G4040,715,74500, ,A,140462307,36285780,+42.4592215,-072.2163354,PETERSHAM,234,25027,WORCESTER,T,3,43673.23,68.24,890,1014,1024,1131,1180,1234,1194,-40,558,
GISDATA.CENSUS2020TOWNS_POLY.334,25,027,28740,00619481,2502728740,Hardwick town,43,T1,G4040,715,79600, ,A,99979312,5850813,+42.3532213,-072.2171131,HARDWICK,124,25027,WORCESTER,T,2,26149.53,40.86,2340,2379,2272,2385,2622,2990,2667,-323,1242,
GISDATA.CENSUS2020TOWNS_POLY.335,25,027,41165,00618372,2502741165,Milford town,43,T1,G4040,715,71650,73104,A,38206536,706214,+42.1586917,-071.5214188,MILFORD,185,25027,WORCESTER,T,3,9614.88,15.02,15749,19352,23390,25355,26799,27999,30379,2380,11956,
GISDATA.CENSUS2020TOWNS_POLY.183,25,017,35950,00619403,2501735950,Littleton town,43,T1,G4040,715,71650,74804,A,42775107,2578113,+42.5359311,-071.4905688,LITTLETON,158,25017,MIDDLESEX,T,3,11206.61,17.51,5109,6380,6970,7051,8184,8924,10141,1217,3889,
GISDATA.CENSUS2020TOWNS_POLY.184,25,013,72390,00619389,2501372390,Wales town,43,T1,G4040,790,78100, ,A,40798071,598303,+42.0613129,-072.2344109,WALES,306,25013,HAMPDEN,T,2,10228.6,15.98,659,852,1177,1566,1737,1838,1832,-6,896,
GISDATA.CENSUS2020TOWNS_POLY.185,25,021,07740,00618316,2502107740,Braintree Town city,25,C5,G4040,715,71650,71634,F,35646051,2076791,+42.2061879,-071.0023199,BRAINTREE,40,25021,NORFOLK,TC,4,9228.74,14.42,31069,35050,36337,33836,33828,35744,39143,3399,15077,
GISDATA.CENSUS2020TOWNS_POLY.186,25,021,16495,00618318,2502116495,Dedham town,43,T1,G4040,715,71650,71634,A,26600398,1072541,+42.2468719,-071.1794622,DEDHAM,73,25021,NORFOLK,T,3,6837.65,10.68,23869,26938,25298,23782,23464,24729,25364,635,10459,
GISDATA.CENSUS2020TOWNS_POLY.187,25,021,25172,00618321,2502125172,Franklin Town city,25,C5,G4040,715,71650,71634,F,68994700,1009370,+42.0848585,-071.4105714,FRANKLIN,101,25021,NORFOLK,TC,2,17297.23,27.03,10530,17830,18217,22095,29560,31635,33261,1626,12551,
GISDATA.CENSUS2020TOWNS_POLY.188,25,021,46050,00618326,2502146050,Norfolk town,43,T1,G4040,715,71650,71634,A,38584896,1292531,+42.1162441,-071.3292739,NORFOLK,208,25021,NORFOLK,T,1,9853.25,15.4,3471,4656,6363,9270,10460,11227,11662,435,3601,
GISDATA.CENSUS2020TOWNS_POLY.189,25,021,55745,00619461,2502155745,Quincy city,25,C5,G4040,715,71650,71634,F,42922985,26765897,+42.2610059,-071.0089876,QUINCY,243,25021,NORFOLK,C,3,10729.48,16.76,87409,87966,84743,84985,88025,92271,101636,9365,47009,
GISDATA.CENSUS2020TOWNS_POLY.190,25,021,39765,00618323,2502139765,Medfield town,43,T1,G4040,715,71650,71634,A,37319871,638170,+42.1845991,-071.3053065,MEDFIELD,175,25021,NORFOLK,T,4,9378.97,14.65,6021,9821,10220,10531,12273,12024,12799,775,4450,
GISDATA.CENSUS2020TOWNS_POLY.191,25,001,12995,00618250,2500112995,Chatham town,43,T1,G4040,715,70900, ,A,41881403,43630064,+41.6216288,-069.9819556,CHATHAM,55,25001,BARNSTABLE,T,4,10780.54,16.84,3273,4554,6071,6579,6625,6125,6594,469,7312,
GISDATA.CENSUS2020TOWNS_POLY.192,25,001,29020,00618254,2500129020,Harwich town,43,T1,G4040,715,70900, ,A,54089011,5724115,+41.6971085,-070.0701674,HARWICH,126,25001,BARNSTABLE,T,2,14428.64,22.54,3747,5892,8971,10275,12386,12243,13440,1197,10485,
GISDATA.CENSUS2020TOWNS_POLY.193,25,001,55500,00618258,2500155500,Provincetown town,43,T1,G4040,715,70900, ,A,25046216,20232203,+42.0569267,-070.1904751,PROVINCETOWN,242,25001,BARNSTABLE,T,4,6429.12,10.05,3389,2911,3536,3561,3431,2942,3664,722,4983,
GISDATA.CENSUS2020TOWNS_POLY.197,25,013,79740,00619390,2501379740,Wilbraham town,43,T1,G4040,790,78100, ,A,57094705,751983,+42.1268831,-072.4309522,WILBRAHAM,339,25013,HAMPDEN,T,2,14293.24,22.33,7387,11984,12053,12635,13473,14219,14613,394,5712,
GISDATA.CENSUS2020TOWNS_POLY.198,25,027,23875,00618363,2502723875,Fitchburg city,25,C5,G4040,715,74500, ,F,72064700,759963,+42.6019770,-071.8158697,FITCHBURG,97,25027,WORCESTER,C,4,17994.93,28.12,43021,43343,39580,41194,39102,40318,41946,1628,17452,
GISDATA.CENSUS2020TOWNS_POLY.199,25,017,62535,00619409,2501762535,Somerville city,25,C5,G4040,715,71650,71634,F,10677479,258969,+42.3904453,-071.1010331,SOMERVILLE,274,25017,MIDDLESEX,C,4,2646.52,4.14,94697,88779,77372,76210,77478,75754,81045,5291,36269,
GISDATA.CENSUS2020TOWNS_POLY.200,25,017,39625,00618229,2501739625,Maynard town,43,T1,G4040,715,71650,71634,A,13492063,402677,+42.4259551,-071.4562562,MAYNARD,174,25017,MIDDLESEX,T,4,3433.27,5.36,7695,9710,9590,10325,10433,10106,10746,640,4741,
GISDATA.CENSUS2020TOWNS_POLY.201,25,017,39835,00619405,2501739835,Medford city,25,C5,G4040,715,71650,71634,F,20978465,1450231,+42.4238438,-071.1092309,MEDFORD,176,25017,MIDDLESEX,C,3,5413.03,8.46,64971,64397,58076,57407,55765,56173,59659,3486,25770,
GISDATA.CENSUS2020TOWNS_POLY.204,25,011,29650,00618167,2501129650,Heath town,43,T1,G4040,790,73300, ,A,64496288,97646,+42.6932675,-072.8231158,HEATH,130,25011,FRANKLIN,T,2,15961.54,24.94,304,383,482,716,805,706,723,17,578,
GISDATA.CENSUS2020TOWNS_POLY.205,25,011,58335,00618174,2501158335,Rowe town,43,T1,G4040, , , ,A,60705717,1520107,+42.6955322,-072.9091479,ROWE,253,25011,FRANKLIN,T,3,15376.41,24.03,231,277,336,378,351,393,424,31,245,
GISDATA.CENSUS2020TOWNS_POLY.206,25,021,24820,00618320,2502124820,Foxborough town,43,T1,G4040,715,71650,71634,A,51426194,2574941,+42.0613376,-071.2458016,FOXBOROUGH,99,25021,NORFOLK,T,4,13343.1,20.85,10136,14218,14148,14637,16246,16865,18618,1753,7682,
GISDATA.CENSUS2020TOWNS_POLY.207,25,011,68400,00618176,2501168400,Sunderland town,43,T1,G4040,790,78100, ,A,36830577,1336526,+42.4666914,-072.5467508,SUNDERLAND,289,25011,FRANKLIN,T,3,9430.83,14.74,1279,2236,2929,3399,3777,3684,3663,-21,1771,
GISDATA.CENSUS2020TOWNS_POLY.348,25,013,36300,00618186,2501336300,Longmeadow town,43,T1,G4040,790,78100, ,A,23541604,1310625,+42.0480540,-072.5692750,LONGMEADOW,159,25013,HAMPDEN,T,2,6140.73,9.59,10565,15630,16301,15467,15633,15784,15853,69,5967,
GISDATA.CENSUS2020TOWNS_POLY.208,25,011,73265,00618177,2501173265,Warwick town,43,T1,G4040,715,70450, ,A,96733119,807713,+42.6799712,-072.3398816,WARWICK,312,25011,FRANKLIN,T,1,24102.83,37.66,426,492,603,740,750,780,780,0,405,
GISDATA.CENSUS2020TOWNS_POLY.209,25,011,25730,00618164,2501125730,Gill town,43,T1,G4040,790,73300, ,A,35665320,2676035,+42.6241010,-072.5086068,GILL,106,25011,FRANKLIN,T,1,9474.22,14.8,1203,1100,1259,1583,1363,1500,1551,51,700,
GISDATA.CENSUS2020TOWNS_POLY.210,25,011,74525,00618178,2501174525,Wendell town,43,T1,G4040, , , ,A,82497947,966176,+42.5563076,-072.4071526,WENDELL,319,25011,FRANKLIN,T,3,20623.76,32.22,292,405,694,899,986,848,924,76,448,
GISDATA.CENSUS2020TOWNS_POLY.349,25,007,26325,00618290,2500726325,Gosnold town,43,T1,G4040, , , ,A,34151708,328891815,+41.4431098,-070.8627068,GOSNOLD,109,25007,DUKES,T,3,8563.2,13.38,66,83,63,98,86,75,70,-5,218,
GISDATA.CENSUS2020TOWNS_POLY.350,25,007,69940,00619443,2500769940,Tisbury town,43,T1,G4040, ,78500, ,A,16884797,32603666,+41.4730705,-070.6174223,TISBURY,296,25007,DUKES,T,1,4197.95,6.56,2169,2257,2972,3120,3755,3949,4815,866,3226,
GISDATA.CENSUS2020TOWNS_POLY.211,25,005,46598,00618284,2500546598,North Attleborough Town city,25,C5,G4040,715,77200, ,F,48835548,1357335,+41.9704544,-071.3349301,NORTH ATTLEBOROUGH,211,25005,BRISTOL,TC,3,12402.25,19.38,14777,18665,21095,25038,27143,28712,30834,2122,12551,
GISDATA.CENSUS2020TOWNS_POLY.212,25,025,56585,00619465,2502556585,Revere city,25,C5,G4040,715,71650,71634,F,14772907,11468440,+42.4210055,-070.9903600,REVERE,248,25025,SUFFOLK,C,4,3783.1,5.91,40080,43159,42423,42786,47283,51755,62186,10431,24539,
GISDATA.CENSUS2020TOWNS_POLY.239,25,017,70360,00618239,2501770360,Townsend town,43,T1,G4040,715,71650,75404,A,84705183,666128,+42.6650015,-071.7119371,TOWNSEND,299,25017,MIDDLESEX,T,3,21095.61,32.96,3650,4281,7201,8496,9198,8926,9127,201,3566,
GISDATA.CENSUS2020TOWNS_POLY.213,25,009,27620,00618298,2500927620,Groveland town,43,T1,G4040,715,71650,73604,A,22999252,1338979,+42.7539000,-071.0159351,GROVELAND,116,25009,ESSEX,T,1,6014.24,9.4,3297,5382,5040,5214,6038,6459,6752,293,2596,
GISDATA.CENSUS2020TOWNS_POLY.214,25,001,03690,00618248,2500103690,Barnstable Town city,25,C5,G4040,715,70900, ,F,155218005,42830773,+41.6614780,-070.3569515,BARNSTABLE,20,25001,BARNSTABLE,TC,3,40253.94,62.9,13465,19842,30898,40949,47821,45193,48916,3723,27452,
GISDATA.CENSUS2020TOWNS_POLY.215,25,001,07980,00618249,2500107980,Brewster town,43,T1,G4040,715,70900, ,A,59418337,6644197,+41.7475128,-070.0662227,BREWSTER,41,25001,BARNSTABLE,T,3,16314.66,25.49,1236,1790,5226,8440,10094,9820,10318,498,8243,
GISDATA.CENSUS2020TOWNS_POLY.216,25,001,23105,00618253,2500123105,Falmouth town,43,T1,G4040,715,70900, ,A,114110311,26911149,+41.5948885,-070.5992451,FALMOUTH,96,25001,BARNSTABLE,T,2,29508.17,46.11,13037,15942,23640,27960,32660,31531,32517,986,22817,
GISDATA.CENSUS2020TOWNS_POLY.217,25,001,51440,00618257,2500151440,Orleans town,43,T1,G4040,715,70900, ,A,36683225,22167409,+41.7656765,-069.9661951,ORLEANS,224,25001,BARNSTABLE,T,1,9240.19,14.44,2342,3055,5306,5838,6341,5890,6307,417,5540,
GISDATA.CENSUS2020TOWNS_POLY.218,25,001,74385,00618261,2500174385,Wellfleet town,43,T1,G4040,715,70900, ,A,51240800,40455533,+41.9168051,-070.0271001,WELLFLEET,318,25001,BARNSTABLE,T,2,12999.34,20.31,1404,1743,2209,2493,2749,2750,3566,816,4263,
GISDATA.CENSUS2020TOWNS_POLY.219,25,009,60015,00619454,2500960015,Saugus town,43,T1,G4040,715,71650,71634,A,27907444,2556905,+42.4684323,-071.0139456,SAUGUS,262,25009,ESSEX,T,1,7272.32,11.36,20666,25110,24746,25549,26078,26628,28619,1991,11303,
GISDATA.CENSUS2020TOWNS_POLY.220,25,009,70150,00618312,2500970150,Topsfield town,43,T1,G4040,715,71650,76524,A,30817077,2337435,+42.6413870,-070.9433833,TOPSFIELD,298,25009,ESSEX,T,1,8192.55,12.8,3351,5225,5709,5754,6141,6085,6569,484,2358,
GISDATA.CENSUS2020TOWNS_POLY.240,25,017,72600,00618241,2501772600,Waltham city,25,C5,G4040,715,71650,71634,F,33005148,2634630,+42.3889211,-071.2422678,WALTHAM,308,25017,MIDDLESEX,C,1,8806.25,13.76,55413,61582,58200,57878,59226,60632,65218,4586,26545,
GISDATA.CENSUS2020TOWNS_POLY.241,25,017,77255,00618245,2501777255,Weston town,43,T1,G4040,715,71650,71634,A,43564010,1327039,+42.3605016,-071.3034335,WESTON,333,25017,MIDDLESEX,T,4,11092.12,17.33,8261,10870,11169,10200,11469,11261,11851,590,4043,
GISDATA.CENSUS2020TOWNS_POLY.242,25,011,09595,00618159,2501109595,Buckland town,43,T1,G4040, , , ,A,50937282,545961,+42.5920917,-072.7886054,BUCKLAND,47,25011,FRANKLIN,T,3,12721.48,19.88,1664,1892,1864,1928,1991,1902,1816,-86,906,
GISDATA.CENSUS2020TOWNS_POLY.243,25,011,15200,00618161,2501115200,Conway town,43,T1,G4040,790,78100, ,A,97696511,409457,+42.5085673,-072.7071592,CONWAY,68,25011,FRANKLIN,T,4,24241.5,37.88,875,998,1213,1529,1809,1897,1761,-136,825,
GISDATA.CENSUS2020TOWNS_POLY.244,25,009,57880,00618308,2500957880,Rockport town,43,T1,G4040,715,71650,76524,A,18098036,27326910,+42.6569520,-070.6046301,ROCKPORT,252,25009,ESSEX,T,4,4580.15,7.16,4616,5636,6345,7482,7767,6952,6992,40,4380,
GISDATA.CENSUS2020TOWNS_POLY.245,25,009,59245,00618310,2500959245,Salisbury town,43,T1,G4040,715,71650,73604,A,39817066,6241763,+42.8447944,-070.8414987,SALISBURY,259,25009,ESSEX,T,4,10246.6,16.01,3154,4179,5973,6882,7827,8283,9236,953,5305,
GISDATA.CENSUS2020TOWNS_POLY.246,25,009,68645,00618311,2500968645,Swampscott town,43,T1,G4040,715,71650,74854,A,7826790,9550285,+42.4680592,-070.8912602,SWAMPSCOTT,291,25009,ESSEX,T,1,1944.56,3.04,13294,13578,13837,13650,14412,13787,15111,1324,6362,
GISDATA.CENSUS2020TOWNS_POLY.221,25,009,77150,00618313,2500977150,West Newbury town,43,T1,G4040,715,71650,73604,A,34828194,3308004,+42.7995647,-070.9644283,WEST NEWBURY,324,25009,ESSEX,T,4,9424,14.73,1844,2254,2861,3421,4149,4235,4500,265,1740,
GISDATA.CENSUS2020TOWNS_POLY.222,25,009,40710,00618302,2500940710,Methuen Town city,25,C5,G4040,715,71650,74204,F,57529733,2021108,+42.7426414,-071.1786505,METHUEN,181,25009,ESSEX,C,1,14715.57,22.99,28114,35456,36701,39990,43789,47255,53059,5804,20194,
GISDATA.CENSUS2020TOWNS_POLY.223,25,009,43580,00618304,2500943580,Nahant town,43,T1,G4040,715,71650,74854,A,2786306,37701159,+42.4182398,-070.9327277,NAHANT,196,25009,ESSEX,T,2,690.6,1.08,3960,4119,3947,3828,3632,3410,3334,-76,1680,
GISDATA.CENSUS2020TOWNS_POLY.224,25,011,16670,00618162,2501116670,Deerfield town,43,T1,G4040,790,78100, ,A,83924431,2717544,+42.5179668,-072.6131394,DEERFIELD,74,25011,FRANKLIN,T,1,21408.86,33.45,3338,3850,4517,5018,4750,5125,5090,-35,2292,
GISDATA.CENSUS2020TOWNS_POLY.225,25,011,42040,00618170,2501142040,Monroe town,43,T1,G4040,770,76150, ,A,27679919,279154,+42.7277722,-072.9853464,MONROE,190,25011,FRANKLIN,T,1,6908.92,10.8,210,216,179,115,93,121,118,-3,80,
GISDATA.CENSUS2020TOWNS_POLY.226,25,009,59105,00619453,2500959105,Salem city,25,C5,G4040,715,71650,74854,F,21481011,25918839,+42.4992484,-070.8982037,SALEM,258,25009,ESSEX,C,2,5389.83,8.42,39211,40556,38220,38091,40407,41340,44480,3140,20349,
GISDATA.CENSUS2020TOWNS_POLY.227,25,017,31085,00619400,2501731085,Hopkinton town,43,T1,G4040,715,71650,73104,A,67922993,4220310,+42.2240957,-071.5404885,HOPKINTON,139,25017,MIDDLESEX,T,2,17825.74,27.85,4932,5981,7114,9191,13346,14925,18758,3833,6645,
GISDATA.CENSUS2020TOWNS_POLY.228,25,009,01465,00619444,2500901465,Andover town,43,T1,G4040,715,71650,71634,A,79811403,3466032,+42.6480437,-071.1617514,ANDOVER,9,25009,ESSEX,T,3,20578.09,32.15,17134,23695,26370,29151,31247,33201,36569,3368,13541,
GISDATA.CENSUS2020TOWNS_POLY.229,25,009,07420,00618294,2500907420,Boxford town,43,T1,G4040,715,71650,73604,A,61019586,2199361,+42.6831075,-071.0271876,BOXFORD,38,25009,ESSEX,T,3,15621.74,24.41,2010,4032,5374,6266,7921,7965,8203,238,2818,
GISDATA.CENSUS2020TOWNS_POLY.230,25,009,21850,00618296,2500921850,Essex town,43,T1,G4040,715,71650,76524,A,36161510,5384240,+42.6404513,-070.7711646,ESSEX,92,25009,ESSEX,T,1,9248.99,14.45,2238,2670,2998,3260,3267,3504,3675,171,1662,
GISDATA.CENSUS2020TOWNS_POLY.231,25,009,34550,00619449,2500934550,Lawrence city,25,C5,G4040,715,71650,74204,F,17950062,1291685,+42.7002733,-071.1613574,LAWRENCE,149,25009,ESSEX,C,2,4754.77,7.43,70933,66915,63175,70207,72043,76377,89143,12766,30008,
GISDATA.CENSUS2020TOWNS_POLY.232,25,009,37490,00619450,2500937490,Lynn city,25,C5,G4040,715,71650,74854,F,27815014,7204026,+42.4747664,-070.9620346,LYNN,163,25009,ESSEX,C,3,7346.49,11.48,94478,90294,78471,81245,89050,90329,101253,10924,36782,
GISDATA.CENSUS2020TOWNS_POLY.233,25,009,37560,00618299,2500937560,Lynnfield town,43,T1,G4040,715,71650,71634,A,25528164,1518917,+42.5341456,-071.0383332,LYNNFIELD,164,25009,ESSEX,T,4,6683.23,10.44,8398,10826,11267,11274,11542,11596,13000,1404,4773,
GISDATA.CENSUS2020TOWNS_POLY.234,25,009,37995,00619451,2500937995,Manchester-by-the-Sea town,43,T1,G4040,715,71650,76524,A,23904339,23399233,+42.5625630,-070.7605566,MANCHESTER-BY-THE-SEA,166,25009,ESSEX,T,2,5020.26,7.84,3932,5151,5424,5286,5228,5136,5395,259,2433,
GISDATA.CENSUS2020TOWNS_POLY.235,25,017,81035,00619411,2501781035,Woburn city,25,C5,G4040,715,71650,71634,F,32762934,761146,+42.4887033,-071.1543831,WOBURN,347,25017,MIDDLESEX,C,1,8283.6,12.94,31214,37406,36626,35943,37258,38120,40876,2756,17540,
GISDATA.CENSUS2020TOWNS_POLY.236,25,017,05805,00618217,2501705805,Billerica town,43,T1,G4040,715,71650,74804,A,66236585,1926400,+42.5596744,-071.2609482,BILLERICA,31,25017,MIDDLESEX,T,3,16842.91,26.32,17867,31648,36727,37609,38981,40243,42119,1876,15485,
GISDATA.CENSUS2020TOWNS_POLY.237,25,017,27480,00619399,2501727480,Groton town,43,T1,G4040,715,71650,71634,A,84885787,2608214,+42.6116355,-071.5647433,GROTON,115,25017,MIDDLESEX,T,2,21619.83,33.78,3904,5109,6154,7511,9547,10646,11315,669,4153,
GISDATA.CENSUS2020TOWNS_POLY.238,25,017,56130,00618232,2501756130,Reading town,43,T1,G4040,715,71650,71634,A,25837378,36722,+42.5351829,-071.1054234,READING,246,25017,MIDDLESEX,T,3,6393.39,9.99,19259,22539,22678,22539,23708,24747,25518,771,9952,
GISDATA.CENSUS2020TOWNS_POLY.247,25,009,74595,00619455,2500974595,Wenham town,43,T1,G4040,715,71650,76524,A,19836197,1249348,+42.6006684,-070.8832599,WENHAM,320,25009,ESSEX,T,3,5210.24,8.14,2798,3849,3897,4212,4440,4875,4979,104,1460,
GISDATA.CENSUS2020TOWNS_POLY.252,25,017,01955,00618214,2501701955,Ashby town,43,T1,G4040,715,74500, ,A,61289600,1000254,+42.6762927,-071.8325227,ASHBY,12,25017,MIDDLESEX,T,1,15392.13,24.05,1883,2274,2311,2717,2845,3074,3193,119,1243,
GISDATA.CENSUS2020TOWNS_POLY.248,25,017,38715,00618228,2501738715,Marlborough city,25,C5,G4040,715,71650,73104,F,54026863,3203986,+42.3496175,-071.5472140,MARLBOROUGH,170,25017,MIDDLESEX,C,3,14141.15,22.1,18819,27936,30617,31813,36255,38499,41793,3294,17547,
GISDATA.CENSUS2020TOWNS_POLY.249,25,017,45560,00619408,2501745560,Newton city,25,C5,G4040,715,71650,71634,F,46173587,855344,+42.3317684,-071.2083997,NEWTON,207,25017,MIDDLESEX,C,3,11620.34,18.16,92384,91066,83622,82585,83829,85146,88923,3777,33320,
GISDATA.CENSUS2020TOWNS_POLY.250,25,017,00380,00618213,2501700380,Acton town,43,T1,G4040,715,71650,71634,A,51453349,1115114,+42.4839530,-071.4384947,ACTON,2,25017,MIDDLESEX,T,2,12989.35,20.3,7238,14770,17544,17872,20331,21924,24021,2097,9219,
GISDATA.CENSUS2020TOWNS_POLY.262,25,021,02935,00618314,2502102935,Avon town,43,T1,G4040,715,71650,72104,A,11114827,639905,+42.1324607,-071.0540130,AVON,18,25021,NORFOLK,T,4,2904.46,4.54,4301,5295,5026,4558,4443,4356,4777,421,1833,
GISDATA.CENSUS2020TOWNS_POLY.263,25,021,17405,00618319,2502117405,Dover town,43,T1,G4040,715,71650,71634,A,39098446,838692,+42.2341598,-071.2911666,DOVER,78,25021,NORFOLK,T,1,9867.99,15.42,2846,4529,4703,4915,5558,5589,5923,334,2046,
GISDATA.CENSUS2020TOWNS_POLY.251,25,017,01605,00619393,2501701605,Arlington town,43,T1,G4040,715,71650,71634,A,13319999,886901,+42.4187215,-071.1639124,ARLINGTON,10,25017,MIDDLESEX,T,1,3510.4,5.49,49953,53524,48219,44630,42389,42844,46308,3464,20461,
GISDATA.CENSUS2020TOWNS_POLY.253,25,017,02130,00619394,2501702130,Ashland town,43,T1,G4040,715,71650,73104,A,31954435,1389649,+42.2577546,-071.4735257,ASHLAND,14,25017,MIDDLESEX,T,3,8238.92,12.87,7779,8882,9165,12066,14674,16593,18832,2239,7495,
GISDATA.CENSUS2020TOWNS_POLY.264,25,021,30455,00618322,2502130455,Holbrook town,43,T1,G4040,715,71650,71634,A,18790360,282105,+42.1403459,-070.9978612,HOLBROOK,133,25021,NORFOLK,T,2,4712.58,7.36,10104,11775,11140,11041,10785,10791,11405,614,4414,
GISDATA.CENSUS2020TOWNS_POLY.265,25,021,39975,00619458,2502139975,Medway town,43,T1,G4040,715,71650,71634,A,29879908,341232,+42.1562029,-071.4303445,MEDWAY,177,25021,NORFOLK,T,4,7467.28,11.67,5168,7938,8447,9931,12448,12752,13115,363,4826,
GISDATA.CENSUS2020TOWNS_POLY.254,25,017,03005,00618215,2501703005,Ayer town,43,T1,G4040,715,71650,71634,A,23176782,1437476,+42.5665731,-071.5751350,AYER,19,25017,MIDDLESEX,T,4,6082.13,9.5,14927,7393,6993,6871,7287,7427,8479,1052,3807,
GISDATA.CENSUS2020TOWNS_POLY.255,25,027,09105,00618358,2502709105,Brookfield town,43,T1,G4040,715,79600, ,A,40215007,2736395,+42.1808069,-072.1078882,BROOKFIELD,45,25027,WORCESTER,T,3,10612.77,16.58,1751,2063,2397,2968,3051,3390,3439,49,1523,
GISDATA.CENSUS2020TOWNS_POLY.256,25,025,07000,00619463,2502507000,Boston city,25,C5,G4040,715,71650,71634,F,125201979,106897277,+42.3385513,-071.0182530,BOSTON,35,25025,SUFFOLK,C,1,31820.2,49.72,697197,641071,562994,574283,589141,617594,675647,58053,301702,
GISDATA.CENSUS2020TOWNS_POLY.257,25,025,81005,00618335,2502581005,Winthrop Town city,25,C5,G4040,715,71650,71634,F,5155473,16390807,+42.3755413,-070.9706464,WINTHROP,346,25025,SUFFOLK,TC,3,1294.88,2.02,20303,20335,19294,18127,18303,17497,19316,1819,8821,
GISDATA.CENSUS2020TOWNS_POLY.258,25,025,13205,00619464,2502513205,Chelsea city,25,C5,G4040,715,71650,71634,F,5746368,638655,+42.3968243,-071.0313479,CHELSEA,57,25025,SUFFOLK,C,3,1416.59,2.21,33749,30625,25431,28710,35080,35177,40787,5610,14554,
GISDATA.CENSUS2020TOWNS_POLY.259,25,011,79110,01729674,2501179110,Whately town,43,T1,G4040,790,78100, ,A,52201447,1328556,+42.4309950,-072.6424368,WHATELY,337,25011,FRANKLIN,T,2,13226.84,20.67,1037,1145,1341,1375,1573,1496,1607,111,727,
GISDATA.CENSUS2020TOWNS_POLY.260,25,011,02095,00619377,2501102095,Ashfield town,43,T1,G4040,790,78100, ,A,103584075,649906,+42.5203242,-072.8056062,ASHFIELD,13,25011,FRANKLIN,T,2,25755.76,40.24,1131,1274,1458,1715,1800,1737,1695,-42,880,
GISDATA.CENSUS2020TOWNS_POLY.266,25,021,54100,00618327,2502154100,Plainville town,43,T1,G4040,715,77200, ,A,28458092,1350452,+42.0128383,-071.3361880,PLAINVILLE,238,25021,NORFOLK,T,2,7365.41,11.51,3810,4953,5857,6871,7683,8264,9945,1681,4394,
GISDATA.CENSUS2020TOWNS_POLY.267,25,021,78690,00618333,2502178690,Westwood town,43,T1,G4040,715,71650,71634,A,28182747,768085,+42.2196452,-071.2167679,WESTWOOD,335,25021,NORFOLK,T,2,7153.4,11.18,10354,12750,13212,12557,14117,14618,16266,1648,5801,
GISDATA.CENSUS2020TOWNS_POLY.268,25,021,78972,00619462,2502178972,Weymouth Town city,25,C5,G4040,715,71650,71634,F,43420939,12454758,+42.2072998,-070.9436870,WEYMOUTH,336,25021,NORFOLK,TC,1,11335.09,17.71,48177,54610,55601,54063,53988,53743,57437,3694,25419,
GISDATA.CENSUS2020TOWNS_POLY.261,25,011,61905,00619382,2501161905,Shutesbury town,43,T1,G4040,790,78100, ,A,68668170,1563521,+42.4569676,-072.4172444,SHUTESBURY,272,25011,FRANKLIN,T,1,17353.75,27.12,265,489,1049,1561,1810,1771,1717,-54,853,
GISDATA.CENSUS2020TOWNS_POLY.290,25,021,09175,00619456,2502109175,Brookline town,43,T1,G4040,715,71650,71634,A,17507686,183413,+42.3238534,-071.1420033,BROOKLINE,46,25021,NORFOLK,T,2,4371.28,6.83,54044,58886,55062,54718,57107,58732,63191,4459,27961,
GISDATA.CENSUS2020TOWNS_POLY.291,25,021,11315,00619457,2502111315,Canton town,43,T1,G4040,715,71650,71634,A,48552398,2057649,+42.1757371,-071.1253849,CANTON,50,25021,NORFOLK,T,4,12505.13,19.54,12771,17100,18182,18530,20775,21561,24370,2809,9930,
GISDATA.CENSUS2020TOWNS_POLY.292,25,021,14640,00618317,2502114640,Cohasset town,43,T1,G4040,715,71650,71634,A,25341804,56061039,+42.2624280,-070.7988829,COHASSET,65,25021,NORFOLK,T,1,6666.08,10.42,5840,6954,7174,7075,7261,7542,8381,839,3341,
GISDATA.CENSUS2020TOWNS_POLY.293,25,021,41515,00618324,2502141515,Millis town,43,T1,G4040,715,71650,71634,A,31164729,598951,+42.1731025,-071.3637564,MILLIS,187,25021,NORFOLK,T,3,7848.42,12.26,4374,5686,6908,7613,7902,7891,8460,569,3412,
GISDATA.CENSUS2020TOWNS_POLY.269,25,021,82315,00618334,2502182315,Wrentham town,43,T1,G4040,715,71650,71634,A,56219361,2341255,+42.0526709,-071.3568580,WRENTHAM,350,25021,NORFOLK,T,3,14469.72,22.61,6685,7315,7580,9006,10554,10955,12178,1223,4620,
GISDATA.CENSUS2020TOWNS_POLY.270,25,021,60785,00618329,2502160785,Sharon town,43,T1,G4040,715,71650,71634,A,60697096,2471517,+42.1084634,-071.1851819,SHARON,266,25021,NORFOLK,T,2,15608.24,24.39,10070,12367,13601,15517,17408,17612,18575,963,6581,
GISDATA.CENSUS2020TOWNS_POLY.271,25,013,19645,00618182,2501319645,East Longmeadow town,43,T1,G4040,790,78100, ,A,33504997,181607,+42.0623782,-072.4981110,EAST LONGMEADOW,85,25013,HAMPDEN,T,1,8323.6,13.01,10294,13029,12905,13367,14100,15720,16430,710,6371,
GISDATA.CENSUS2020TOWNS_POLY.294,25,021,41690,00619459,2502141690,Milton town,43,T1,G4040,715,71650,71634,A,33697978,780022,+42.2415589,-071.0824369,MILTON,189,25021,NORFOLK,T,2,8417.78,13.15,26375,27190,25860,25725,26062,27003,28630,1627,9844,
GISDATA.CENSUS2020TOWNS_POLY.295,25,021,44105,00618325,2502144105,Needham town,43,T1,G4040,715,71650,71634,A,31851573,1097984,+42.2815935,-071.2424143,NEEDHAM,199,25021,NORFOLK,T,4,8141.45,12.72,25793,29748,27901,27557,28911,28886,32091,3205,11891,
GISDATA.CENSUS2020TOWNS_POLY.296,25,021,50250,00619460,2502150250,Norwood town,43,T1,G4040,715,71650,71634,A,26882338,445374,+42.1873642,-071.1959711,NORWOOD,220,25021,NORFOLK,T,1,6752.35,10.55,24898,30815,29711,28700,28587,28602,31611,3009,13634,
GISDATA.CENSUS2020TOWNS_POLY.272,25,009,01260,00618292,2500901260,Amesbury Town city,25,C5,G4040,715,71650,73604,F,31836415,3729019,+42.8512771,-070.9557921,AMESBURY,7,25009,ESSEX,C,1,8788.93,13.73,10787,11388,13971,14997,16450,16283,17366,1083,7889,
GISDATA.CENSUS2020TOWNS_POLY.273,25,009,05595,00618293,2500905595,Beverly city,25,C5,G4040,715,71650,76524,F,39083082,19417643,+42.5566592,-070.8449600,BEVERLY,30,25009,ESSEX,C,1,9869.93,15.42,36108,38348,37655,38195,39862,39502,42670,3168,17887,
GISDATA.CENSUS2020TOWNS_POLY.274,25,009,25625,00619445,2500925625,Georgetown town,43,T1,G4040,715,71650,73604,A,33304917,747696,+42.7262256,-070.9833179,GEORGETOWN,105,25009,ESSEX,T,2,8414.69,13.15,3755,5290,5687,6384,7377,8183,8470,287,3159,
GISDATA.CENSUS2020TOWNS_POLY.275,25,009,29405,00619447,2500929405,Haverhill city,25,C5,G4040,715,71650,73604,F,85563640,6889004,+42.7829453,-071.0874356,HAVERHILL,128,25009,ESSEX,C,2,22846.29,35.7,46346,46120,46865,51418,58969,60879,67787,6908,27927,
GISDATA.CENSUS2020TOWNS_POLY.276,25,009,40430,00618301,2500940430,Merrimac town,43,T1,G4040,715,71650,73604,A,22011710,1033016,+42.8386028,-071.0119970,MERRIMAC,180,25009,ESSEX,T,3,5694.78,8.9,3261,4245,4451,5166,6138,6338,6723,385,2761,
GISDATA.CENSUS2020TOWNS_POLY.277,25,009,46365,00618306,2500946365,North Andover town,43,T1,G4040,715,71650,74204,A,68073749,3709019,+42.6739092,-071.0913339,NORTH ANDOVER,210,25009,ESSEX,T,4,17737.85,27.72,10908,16284,20129,22792,27202,28352,30915,2563,11914,
GISDATA.CENSUS2020TOWNS_POLY.278,25,027,05490,00619476,2502705490,Berlin town,43,T1,G4040,715,71650,73104,A,33598944,521374,+42.3849290,-071.6338895,BERLIN,28,25027,WORCESTER,T,2,8430.8,13.17,1742,2099,2215,2293,2380,2866,3158,292,1318,
GISDATA.CENSUS2020TOWNS_POLY.279,25,009,16250,00618295,2500916250,Danvers town,43,T1,G4040,715,71650,76524,A,34390555,2346845,+42.5741744,-070.9505165,DANVERS,71,25009,ESSEX,T,4,8869.04,13.86,21926,26151,24100,24174,25212,26493,28087,1594,11763,
GISDATA.CENSUS2020TOWNS_POLY.280,25,009,27900,00619446,2500927900,Hamilton town,43,T1,G4040,715,71650,76524,A,36717957,1909841,+42.6262226,-070.8572297,HAMILTON,119,25009,ESSEX,T,4,9544.99,14.91,5488,6373,6960,7280,8315,7764,7561,-203,2925,
GISDATA.CENSUS2020TOWNS_POLY.281,25,009,45175,00619452,2500945175,Newbury town,43,T1,G4040,715,71650,73604,A,60534393,7582633,+42.7704060,-070.8724166,NEWBURY,205,25009,ESSEX,T,3,15678.3,24.5,2519,3804,4529,5623,6717,6666,6716,50,3072,
GISDATA.CENSUS2020TOWNS_POLY.282,25,009,32310,00619448,2500932310,Ipswich town,43,T1,G4040,715,71650,76524,A,83150915,26700441,+42.6959806,-070.8356476,IPSWICH,144,25009,ESSEX,T,2,21272.82,33.24,8544,10750,11158,11873,12987,13175,13785,610,6476,
GISDATA.CENSUS2020TOWNS_POLY.283,25,009,41095,00618303,2500941095,Middleton town,43,T1,G4040,715,71650,76524,A,34827934,2696702,+42.6105133,-071.0071181,MIDDLETON,184,25009,ESSEX,T,2,9272.34,14.49,3718,4044,4135,4921,7744,8987,9779,792,3359,
GISDATA.CENSUS2020TOWNS_POLY.284,25,009,45245,00618305,2500945245,Newburyport city,25,C5,G4040,715,71650,73604,F,21626955,6108560,+42.8121411,-070.8866460,NEWBURYPORT,206,25009,ESSEX,C,2,5685.38,8.88,14004,15807,15900,16317,17189,17416,18289,873,8615,
GISDATA.CENSUS2020TOWNS_POLY.285,25,009,58405,00618309,2500958405,Rowley town,43,T1,G4040,715,71650,73604,A,47139607,5571513,+42.7214946,-070.8866372,ROWLEY,254,25009,ESSEX,T,4,11971.92,18.71,2783,3040,3867,4452,5500,5856,6161,305,2405,
GISDATA.CENSUS2020TOWNS_POLY.286,25,015,13590,00618197,2501513590,Chesterfield town,43,T1,G4040,790,78100, ,A,79899075,1028696,+42.3778524,-072.8419845,CHESTERFIELD,60,25015,HAMPSHIRE,T,2,19996.49,31.24,556,704,1000,1048,1201,1222,1186,-36,618,
GISDATA.CENSUS2020TOWNS_POLY.287,25,015,16040,00618198,2501516040,Cummington town,43,T1,G4040,790,78100, ,A,59408393,332330,+42.4654945,-072.9182666,CUMMINGTON,69,25015,HAMPSHIRE,T,4,14761.52,23.06,550,562,657,785,978,872,829,-43,477,
GISDATA.CENSUS2020TOWNS_POLY.288,25,015,26290,00619391,2501526290,Goshen town,43,T1,G4040,790,78100, ,A,44809103,1030938,+42.4376269,-072.8111413,GOSHEN,108,25015,HAMPSHIRE,T,1,11326.72,17.7,385,483,651,830,921,1054,960,-94,593,
GISDATA.CENSUS2020TOWNS_POLY.289,25,021,04930,00618315,2502104930,Bellingham town,43,T1,G4040,715,77200, ,A,47508194,1422667,+42.0766822,-071.4744898,BELLINGHAM,25,25021,NORFOLK,T,1,12090.28,18.89,6774,13967,14300,14877,15314,16332,16945,613,6749,
GISDATA.CENSUS2020TOWNS_POLY.297,25,005,02690,00618278,2500502690,Attleboro city,25,C5,G4040,715,77200, ,F,69358023,2572080,+41.9316531,-071.2945028,ATTLEBORO,16,25005,BRISTOL,C,4,17773.45,27.77,27118,32907,34196,38383,42068,43593,46461,2868,19097,
GISDATA.CENSUS2020TOWNS_POLY.299,25,005,20100,00619433,2500520100,Easton town,43,T1,G4040,715,71650,72104,A,74488366,1228840,+42.0391873,-071.1089996,EASTON,88,25005,BRISTOL,T,4,18708.96,29.23,9078,12157,16623,19807,22299,23112,25058,1946,9132,
GISDATA.CENSUS2020TOWNS_POLY.298,25,005,16950,00618280,2500516950,Dighton town,43,T1,G4040,715,71650,78254,A,57059731,1496405,+41.8292730,-071.1520870,DIGHTON,76,25005,BRISTOL,T,4,14469.1,22.61,3769,4667,5352,5631,6175,7086,8101,1015,2978,
GISDATA.CENSUS2020TOWNS_POLY.300,25,021,67945,00618330,2502167945,Stoughton town,43,T1,G4040,715,71650,71634,A,41662669,969179,+42.1190060,-071.1036499,STOUGHTON,285,25021,NORFOLK,T,3,10533.83,16.46,16328,23459,26710,26777,27149,26962,29281,2319,11739,
GISDATA.CENSUS2020TOWNS_POLY.301,25,021,72495,00618331,2502172495,Walpole town,43,T1,G4040,715,71650,71634,A,52976583,1589369,+42.1462862,-071.2556036,WALPOLE,307,25021,NORFOLK,T,3,13482.6,21.07,14068,18149,18859,20212,22824,24070,26383,2313,10042,
GISDATA.CENSUS2020TOWNS_POLY.302,25,005,00520,01729673,2500500520,Acushnet town,43,T1,G4040,715,75550, ,A,47727568,1350798,+41.7182175,-070.9011509,ACUSHNET,3,25005,BRISTOL,T,3,12082.18,18.88,5755,7767,8704,9554,10161,10303,10559,256,4291,
GISDATA.CENSUS2020TOWNS_POLY.303,25,009,52490,00618307,2500952490,Peabody city,25,C5,G4040,715,71650,76524,F,42051187,1486470,+42.5343100,-070.9694427,PEABODY,229,25009,ESSEX,C,1,10738.73,16.78,32202,48080,45976,47039,48129,51251,54481,3230,23191,
GISDATA.CENSUS2020TOWNS_POLY.304,25,013,00840,00618180,2501300840,Agawam Town city,25,C5,G4040,790,78100, ,F,60403412,2623341,+42.0638908,-072.6529587,AGAWAM,5,25013,HAMPDEN,TC,4,15573.23,24.33,15718,21717,26271,27323,28144,28438,28692,254,12361,
GISDATA.CENSUS2020TOWNS_POLY.305,25,021,56000,00618328,2502156000,Randolph Town city,25,C5,G4040,715,71650,71634,F,25455228,1516221,+42.1789925,-071.0526540,RANDOLPH,244,25021,NORFOLK,TC,1,6664.32,10.41,18900,27035,28218,30093,30963,32112,34984,2872,12901,
GISDATA.CENSUS2020TOWNS_POLY.306,25,023,40850,00618346,2502340850,Middleborough town,43,T1,G4040,715,71650,78254,A,178819754,8202215,+41.8780043,-070.8692669,MIDDLEBOROUGH,182,25023,PLYMOUTH,T,3,46212.32,72.21,11065,13607,16404,17867,19941,23116,24245,1129,9808,
GISDATA.CENSUS2020TOWNS_POLY.307,25,023,57600,00618350,2502357600,Rochester town,43,T1,G4040,715,71650,78254,A,86950052,6376677,+41.7608637,-070.8389561,ROCHESTER,250,25023,PLYMOUTH,T,2,23061.26,36.03,1559,1770,3205,3921,4581,5232,5717,485,2105,
GISDATA.CENSUS2020TOWNS_POLY.308,25,023,72985,00618353,2502372985,Wareham town,43,T1,G4040,715,70900, ,A,92768367,27061328,+41.7610398,-070.7017790,WAREHAM,310,25023,PLYMOUTH,T,1,23871.67,37.3,9461,11492,18457,19232,20335,21822,23303,1481,12967,
GISDATA.CENSUS2020TOWNS_POLY.309,25,017,24960,02791559,2501724960,Framingham city,25,C5,G4040,715,71650,73104,F,64863272,3784599,+42.3079052,-071.4361957,FRAMINGHAM,100,25017,MIDDLESEX,C,4,16962.12,26.5,44526,64048,65113,64989,66910,68318,72362,4044,29033,
GISDATA.CENSUS2020TOWNS_POLY.310,25,009,26150,00618297,2500926150,Gloucester city,25,C5,G4040,715,71650,76524,F,67852028,39662608,+42.6288499,-070.6858747,GLOUCESTER,107,25009,ESSEX,C,3,17247.87,26.95,25789,27941,27768,28716,30273,28789,29729,940,15133,
GISDATA.CENSUS2020TOWNS_POLY.311,25,017,37000,00618227,2501737000,Lowell city,25,C5,G4040,715,71650,74804,F,35251105,2379103,+42.6389955,-071.3210199,LOWELL,160,25017,MIDDLESEX,C,4,9298.51,14.53,92107,94239,92418,103439,105167,106519,115554,9035,43482,
GISDATA.CENSUS2020TOWNS_POLY.313,25,005,38225,00618283,2500538225,Mansfield town,43,T1,G4040,715,71650,71634,A,52069118,822341,+42.0173020,-071.2164203,MANSFIELD,167,25005,BRISTOL,T,1,13068.97,20.42,7773,9939,13453,16568,22414,23184,23860,676,9282,
GISDATA.CENSUS2020TOWNS_POLY.314,25,005,16425,00618279,2500516425,Dartmouth town,43,T1,G4040,715,75550, ,A,157797299,94830242,+41.5665098,-070.9582285,DARTMOUTH,72,25005,BRISTOL,T,4,39725.02,62.07,14607,18800,23966,27244,30666,34032,33783,-249,13188,
GISDATA.CENSUS2020TOWNS_POLY.315,25,005,25240,00619434,2500525240,Freetown town,43,T1,G4040,715,71650,78254,A,89263817,4991672,+41.7793795,-071.0195258,FREETOWN,102,25005,BRISTOL,T,1,23290.69,36.39,3039,4270,7058,8522,8472,8870,9206,336,3485,
GISDATA.CENSUS2020TOWNS_POLY.316,25,005,56060,00618285,2500556060,Raynham town,43,T1,G4040,715,71650,78254,A,53035838,770450,+41.9304800,-071.0462145,RAYNHAM,245,25005,BRISTOL,T,1,13295.18,20.77,4150,6705,9085,9867,11739,13383,15142,1759,5749,
GISDATA.CENSUS2020TOWNS_POLY.337,25,023,75260,00618354,2502375260,West Bridgewater town,43,T1,G4040,715,71650,72104,A,39692759,906621,+42.0216172,-071.0267170,WEST BRIDGEWATER,322,25023,PLYMOUTH,T,3,10031.71,15.67,5061,7152,6359,6389,6634,6916,7707,791,2898,
GISDATA.CENSUS2020TOWNS_POLY.317,25,005,68750,00619439,2500568750,Swansea town,43,T1,G4040,715,77200, ,A,58735210,6720357,+41.7581626,-071.2141812,SWANSEA,292,25005,BRISTOL,T,3,16174.24,25.27,9916,12640,15461,15411,15901,15865,17144,1279,6904,
GISDATA.CENSUS2020TOWNS_POLY.318,25,011,21780,00618163,2501121780,Erving town,43,T1,G4040,790,73300, ,A,35721726,1534682,+42.6134178,-072.4264276,ERVING,91,25011,FRANKLIN,T,2,9206.07,14.38,1272,1260,1326,1372,1467,1800,1665,-135,703,
GISDATA.CENSUS2020TOWNS_POLY.319,25,011,27060,00618166,2501127060,Greenfield city,25,C5,G4040,790,73300, ,F,55458172,1193222,+42.6146712,-072.5970627,GREENFIELD,114,25011,FRANKLIN,C,3,13998.6,21.87,17690,18116,18436,18666,18168,17456,17768,312,8646,
GISDATA.CENSUS2020TOWNS_POLY.320,25,013,42145,00618188,2501342145,Monson town,43,T1,G4040,790,78100, ,A,114539147,1460445,+42.0935962,-072.3214936,MONSON,191,25013,HAMPDEN,T,1,28662.2,44.78,6712,7355,7315,7776,8359,8560,8150,-410,3554,
GISDATA.CENSUS2020TOWNS_POLY.321,25,013,65825,00618191,2501365825,Southwick town,43,T1,G4040,790,78100, ,A,79819353,2151144,+42.0525703,-072.7773529,SOUTHWICK,279,25013,HAMPDEN,T,2,20254.05,31.65,5139,6330,7382,7667,8835,9502,9232,-270,4115,
GISDATA.CENSUS2020TOWNS_POLY.324,25,027,73895,00618389,2502773895,Webster town,43,T1,G4040,715,79600, ,A,32005106,5800271,+42.0470748,-071.8458053,WEBSTER,316,25027,WORCESTER,T,3,9341.31,14.6,13680,14917,14480,16196,16415,16767,17776,1009,8453,
GISDATA.CENSUS2020TOWNS_POLY.328,25,027,30945,00618366,2502730945,Hopedale town,43,T1,G4040,715,71650,73104,A,13417386,442867,+42.1230066,-071.5314040,HOPEDALE,138,25027,WORCESTER,T,2,3424.71,5.35,3987,4292,3905,5666,5907,5911,6017,106,2394,
GISDATA.CENSUS2020TOWNS_POLY.329,25,027,34165,00618368,2502734165,Lancaster town,43,T1,G4040,715,79600, ,A,71143965,1336278,+42.4835693,-071.6755848,LANCASTER,147,25027,WORCESTER,T,4,17909.42,27.98,3958,6095,6334,6661,7380,8055,8441,386,2788,
GISDATA.CENSUS2020TOWNS_POLY.336,25,023,28495,00619468,2502328495,Hanson town,43,T1,G4040,715,71650,71634,A,38899465,1851425,+42.0502398,-070.8673595,HANSON,123,25023,PLYMOUTH,T,3,10069.12,15.73,4370,7148,8617,9028,9495,10209,10639,430,3960,
GISDATA.CENSUS2020TOWNS_POLY.343,25,013,58650,00618190,2501358650,Russell town,43,T1,G4040,790,78100, ,A,45254003,1118338,+42.1612510,-072.8538057,RUSSELL,256,25013,HAMPDEN,T,1,11458.05,17.9,1366,1382,1570,1594,1657,1775,1643,-132,703,
GISDATA.CENSUS2020TOWNS_POLY.344,25,013,70045,00618192,2501370045,Tolland town,43,T1,G4040,790,78100, ,A,81705579,3279774,+42.1021459,-073.0345546,TOLLAND,297,25013,HAMPDEN,T,3,20998.93,32.81,101,172,235,289,426,485,471,-14,501,
GISDATA.CENSUS2020TOWNS_POLY.345,25,011,35285,00618169,2501135285,Leyden town,43,T1,G4040,790,73300, ,A,46458687,300463,+42.6975790,-072.6276061,LEYDEN,156,25011,FRANKLIN,T,1,11554.48,18.05,343,376,498,662,772,711,734,23,340,
GISDATA.CENSUS2020TOWNS_POLY.346,25,011,45490,00618172,2501145490,New Salem town,43,T1,G4040,790,78100, ,A,115922616,36091317,+42.4585511,-072.3271910,NEW SALEM,204,25011,FRANKLIN,T,2,37561.57,58.69,397,474,688,802,929,990,983,-7,460,
GISDATA.CENSUS2020TOWNS_POLY.347,25,011,51265,00618173,2501151265,Orange town,43,T1,G4040,715,70450, ,A,90812894,2464225,+42.6054372,-072.2920738,ORANGE,223,25011,FRANKLIN,T,4,23048.81,36.01,6154,6104,6844,7312,7518,7839,7569,-270,3544,
GISDATA.CENSUS2020TOWNS_POLY.351,25,015,01370,00618195,2501501370,Amherst Town city,25,C5,G4040,790,78100, ,F,71547953,340031,+42.3635343,-072.5072913,AMHERST,8,25015,HAMPSHIRE,TC,4,17762.8,27.75,13718,26331,33229,35228,34874,37819,39263,1444,10748,
